{"stats":{"minecraft:mined":{"minecraft:grass":1,"minecraft:tall_grass":5,"minecraft:vine":3,"minecraft:moss_block":1,"minecraft:jungle_log":3,"minecraft:oak_leaves":1,"minecraft:sand":1},"minecraft:picked_up":{"minecraft:sand":1,"minecraft:jungle_log":3,"minecraft:moss_block":1},"minecraft:custom":{"minecraft:jump":13,"minecraft:time_since_rest":1957,"minecraft:crouch_one_cm":264,"minecraft:leave_game":1,"minecraft:play_time":1957,"minecraft:time_since_death":1957,"minecraft:walk_one_cm":6712,"minecraft:sneak_time":275,"minecraft:total_world_time":1957,"minecraft:fall_one_cm":1045}},"DataVersion":3465}