{"stats":{"minecraft:killed":{"minecraft:spider":1,"naturalist:robin":2,"minecraft:creeper":1,"naturalist:snail":1,"minecraft:sheep":6,"minecraft:skeleton":1,"minecraft:zombie":8,"friendsandfoes:mauler":1,"naturalist:canary":2},"minecraft:used":{"minecraft:amethyst_block":2,"minecraft:stone_sword":5,"simplyswords:iron_rapier":79,"minecraft:stone_pickaxe":258,"minecraft:blackstone":1,"minecraft:wooden_pickaxe":41,"minecraft:torch":9,"minecraft:crafting_table":1,"minecraft:wooden_axe":2,"minecraft:melon_slice":8,"minecraft:andesite":1,"minecraft:birch_log":1},"minecraft:killed_by":{"minecraft:skeleton":1,"minecraft:creeper":1,"minecraft:spider":2,"minecraft:zombie":1},"minecraft:mined":{"minecraft:large_amethyst_bud":9,"minecraft:tuff":1,"minecraft:oak_sapling":1,"minecraft:brown_mushroom":3,"minecraft:farmland":1,"minecraft:blackstone":25,"minecraft:medium_amethyst_bud":10,"minecraft:amethyst_cluster":17,"minecraft:dandelion":1,"minecraft:torch":1,"minecraft:glow_lichen":4,"minecraft:budding_amethyst":2,"minecraft:calcite":1,"minecraft:grass_block":3,"minecraft:copper_ore":2,"minecraft:tall_grass":1,"minecraft:cobblestone":7,"minecraft:wall_torch":1,"minecraft:amethyst_block":36,"supplementaries:urn":2,"minecraft:birch_log":1,"minecraft:iron_ore":4,"minecraft:wheat":1,"minecraft:andesite":108,"minecraft:birch_leaves":1,"minecraft:grass":7,"minecraft:coal_ore":6,"minecraft:oak_log":2,"minecraft:small_amethyst_bud":3,"minecraft:gravel":5,"minecraft:dirt":4,"minecraft:packed_ice":3,"minecraft:smooth_basalt":2,"minecraft:terracotta":1,"minecraft:stone":23,"minecraft:oak_leaves":22},"minecraft:broken":{"minecraft:stone_pickaxe":2,"minecraft:wooden_axe":1,"minecraft:wooden_pickaxe":1},"minecraft:custom":{"minecraft:mob_kills":23,"minecraft:interact_with_crafting_table":10,"minecraft:interact_with_stonecutter":1,"minecraft:leave_game":4,"minecraft:time_since_death":35323,"minecraft:sleep_in_bed":4,"minecraft:time_since_rest":111,"minecraft:sprint_one_cm":36714,"minecraft:damage_taken":2122,"minecraft:walk_one_cm":538724,"minecraft:drop":9,"minecraft:damage_dealt":3070,"minecraft:talked_to_villager":1,"minecraft:fly_one_cm":6255,"minecraft:open_chest":5,"minecraft:crouch_one_cm":12465,"minecraft:play_time":112937,"minecraft:deaths":7,"minecraft:sneak_time":4175,"minecraft:walk_under_water_one_cm":14393,"minecraft:jump":1466,"minecraft:interact_with_brewingstand":1,"minecraft:walk_on_water_one_cm":24396,"minecraft:total_world_time":112937,"minecraft:fall_one_cm":24310},"minecraft:picked_up":{"minecraft:wooden_axe":1,"minecraft:birch_log":1,"minecraft:crafting_table":1,"minecraft:feather":7,"minecraft:glow_ink_sac":1,"minecraft:andesite":103,"minecraft:brown_mushroom":3,"minecraft:wooden_pickaxe":1,"minecraft:flint":1,"minecraft:oak_log":62,"simplyswords:iron_rapier":1,"supplementaries:flax_seeds":8,"minecraft:gunpowder":1,"minecraft:amethyst_block":18,"minecraft:lapis_lazuli":28,"minecraft:dirt":26,"minecraft:string":2,"minecraft:raw_copper":69,"minecraft:bone":3,"minecraft:blackstone":136,"minecraft:apple":2,"minecraft:wheat_seeds":17,"minecraft:stone_pickaxe":2,"minecraft:melon_slice":16,"minecraft:birch_sapling":4,"minecraft:golden_helmet":1,"minecraft:raw_iron":24,"minecraft:stick":11,"minecraft:smooth_basalt":12,"minecraft:torch":18,"minecraft:gravel":5,"minecraft:arrow":1,"minecraft:rotten_flesh":9,"minecraft:gray_wool":1,"minecraft:terracotta":7,"minecraft:oak_sapling":46,"minecraft:melon_seeds":1,"minecraft:mutton":8,"minecraft:coal":44,"minecraft:white_wool":5,"minecraft:cobblestone":30},"minecraft:dropped":{"minecraft:brown_mushroom":3,"minecraft:birch_sapling":4,"minecraft:apple":2,"supplementaries:flax_seeds":4,"minecraft:oak_sapling":22,"minecraft:wooden_pickaxe":1},"minecraft:crafted":{"minecraft:wooden_sword":1,"minecraft:oak_planks":58,"minecraft:crafting_table":1,"minecraft:wooden_pickaxe":1,"minecraft:stone_pickaxe":1,"minecraft:stone_sword":1}},"DataVersion":3465}