{"stats":{"minecraft:killed":{"minecraft:cave_spider":1,"minecraft:spider":4,"naturalist:robin":2,"naturalist:snail":1,"minecraft:skeleton":3,"friendsandfoes:mauler":1,"minecraft:fox":1,"naturalist:cardinal":2,"friendsandfoes:copper_golem":1,"minecraft:pig":3,"minecraft:creeper":2,"minecraft:sheep":6,"minecraft:zombie":13,"naturalist:canary":2,"minecraft:player":6},"minecraft:dropped":{"minecraft:porkchop":5,"minecraft:brown_mushroom":3,"minecraft:wheat_seeds":16,"minecraft:oak_log":47,"minecraft:apple":2,"mythicmetals:silver_ingot":11,"minecraft:rail":17,"minecraft:mutton":8,"minecraft:wooden_sword":1,"minecraft:gravel":2,"minecraft:birch_sapling":4,"minecraft:wheat":1,"minecraft:cooked_mutton":5,"minecraft:pumpkin_seeds":4,"supplementaries:flax_seeds":11,"minecraft:melon_seeds":14,"minecraft:oak_sapling":110,"minecraft:acacia_sapling":1,"minecraft:wooden_pickaxe":1,"minecraft:terracotta":15},"minecraft:killed_by":{"minecraft:player":7,"minecraft:creeper":2,"minecraft:spider":2,"minecraft:cave_spider":1,"minecraft:skeleton":3,"minecraft:zombie":3},"minecraft:used":{"minecraft:stone_sword":5,"travelersbackpack:bat":1,"minecraft:torch":18,"minecraft:wooden_axe":2,"simplyswords:iron_longsword":26,"minecraft:cobbled_deepslate":2,"minecraft:amethyst_block":2,"simplyswords:iron_rapier":120,"minecraft:stone_pickaxe":260,"minecraft:blackstone":2,"minecraft:wooden_pickaxe":41,"minecraft:crafting_table":1,"simplyswords:iron_twinblade":59,"simplyswords:iron_greathammer":25,"minecraft:melon_slice":16,"minecraft:bread":13,"minecraft:gravel":2,"minecraft:andesite":3,"minecraft:birch_log":1},"minecraft:broken":{"minecraft:wooden_pickaxe":1,"minecraft:stone_pickaxe":3,"minecraft:wooden_axe":1},"minecraft:mined":{"minecraft:large_amethyst_bud":9,"minecraft:tuff":1,"minecraft:farmland":1,"minecraft:oak_sapling":1,"minecraft:glow_lichen":4,"minecraft:budding_amethyst":2,"minecraft:grass_block":3,"minecraft:iron_ore":5,"minecraft:andesite":108,"minecraft:small_amethyst_bud":3,"minecraft:packed_ice":3,"minecraft:stone":23,"minecraft:orange_bed":1,"minecraft:brown_mushroom":3,"minecraft:blackstone":25,"minecraft:medium_amethyst_bud":10,"minecraft:amethyst_cluster":17,"minecraft:dandelion":1,"minecraft:torch":2,"minecraft:calcite":1,"minecraft:cobblestone":7,"minecraft:tall_grass":4,"minecraft:copper_ore":2,"minecraft:oak_planks":2,"minecraft:wall_torch":2,"minecraft:amethyst_block":36,"supplementaries:urn":2,"minecraft:birch_log":1,"minecraft:wheat":1,"minecraft:birch_leaves":1,"minecraft:grass":29,"minecraft:oak_log":2,"minecraft:coal_ore":6,"minecraft:gravel":5,"minecraft:dirt":5,"minecraft:cobweb":19,"minecraft:smooth_basalt":2,"minecraft:terracotta":1,"minecraft:oak_leaves":22},"minecraft:picked_up":{"minecraft:wooden_axe":1,"minecraft:crafting_table":1,"minecraft:wheat":1,"travelersbackpack:bat":1,"archers:flint_spear":1,"minecraft:chest_minecart":2,"minecraft:brown_mushroom":3,"minecraft:wooden_pickaxe":1,"minecraft:enchanted_book":1,"simplyswords:iron_rapier":1,"minecraft:amethyst_block":18,"minecraft:string":26,"minecraft:raw_copper":69,"minecraft:wooden_sword":1,"minecraft:blackstone":136,"mythicmetals:mythril_drill_smithing_template":2,"minecraft:cobbled_deepslate":2,"simplyswords:iron_longsword":1,"minecraft:iron_nugget":2,"minecraft:melon_slice":16,"minecraft:birch_sapling":4,"minecraft:golden_helmet":1,"minecraft:raw_iron":26,"minecraft:stick":11,"minecraft:torch":50,"minecraft:porkchop":10,"minecraft:arrow":6,"minecraft:rotten_flesh":14,"minecraft:glow_berries":8,"minecraft:mutton":16,"minecraft:white_wool":5,"minecraft:rail":36,"minecraft:cobblestone":31,"minecraft:birch_log":1,"minecraft:feather":8,"minecraft:glow_ink_sac":1,"minecraft:andesite":114,"minecraft:flint":1,"minecraft:oak_log":65,"supplementaries:flax_seeds":15,"minecraft:gunpowder":1,"minecraft:lapis_lazuli":28,"minecraft:dirt":26,"minecraft:name_tag":1,"minecraft:cooked_mutton":5,"minecraft:bone":5,"minecraft:apple":2,"minecraft:wheat_seeds":36,"minecraft:iron_ingot":3,"minecraft:stone_pickaxe":2,"minecraft:oak_planks":5,"minecraft:acacia_sapling":1,"minecraft:smooth_basalt":12,"patchouli:guide_book":1,"minecraft:gravel":7,"simplyswords:iron_greathammer":2,"minecraft:pumpkin_seeds":6,"minecraft:golden_apple":1,"minecraft:gray_wool":1,"minecraft:bread":28,"minecraft:terracotta":30,"minecraft:oak_sapling":112,"minecraft:melon_seeds":17,"minecraft:coal":52},"minecraft:crafted":{"minecraft:wooden_sword":1,"minecraft:oak_planks":58,"minecraft:iron_nugget":1,"simplyswords:iron_twinblade":1,"minecraft:cooked_mutton":5,"minecraft:stone_pickaxe":1,"minecraft:crafting_table":1,"minecraft:wooden_pickaxe":1,"mythicmetals:silver_ingot":11,"minecraft:stone_sword":1,"minecraft:iron_leggings":1},"minecraft:custom":{"minecraft:mob_kills":42,"minecraft:interact_with_crafting_table":27,"minecraft:leave_game":5,"minecraft:time_since_death":4340,"minecraft:sprint_one_cm":50961,"minecraft:walk_one_cm":1037123,"minecraft:drop":35,"minecraft:talked_to_villager":7,"minecraft:play_time":191857,"minecraft:deaths":21,"minecraft:sneak_time":4539,"minecraft:walk_under_water_one_cm":15890,"minecraft:jump":2517,"minecraft:interact_with_brewingstand":1,"minecraft:walk_on_water_one_cm":50780,"minecraft:total_world_time":191857,"minecraft:interact_with_furnace":9,"minecraft:interact_with_stonecutter":1,"minecraft:sleep_in_bed":4,"minecraft:time_since_rest":4373,"minecraft:damage_taken":6765,"minecraft:damage_dealt":8809,"minecraft:fly_one_cm":14775,"minecraft:player_kills":6,"minecraft:open_chest":12,"minecraft:crouch_one_cm":13179,"minecraft:fall_one_cm":39732}},"DataVersion":3465}