{"stats":{"minecraft:broken":{"minecraft:wooden_pickaxe":1,"minecraft:iron_axe":1},"minecraft:mined":{"minecraft:dark_oak_planks":35,"minecraft:tuff":2,"minecraft:spruce_planks":31,"minecraft:oak_sapling":13,"minecraft:dark_oak_log":1,"minecraft:lever":1,"minecraft:dark_oak_fence":3,"minecraft:acacia_log":2,"minecraft:grass_block":118,"minecraft:jungle_planks":10,"minecraft:jungle_log":12,"travelersbackpack:white_sleeping_bag":1,"minecraft:birch_slab":2,"minecraft:acacia_slab":4,"minecraft:moss_block":4,"minecraft:horn_coral_wall_fan":1,"minecraft:large_fern":1,"minecraft:oak_trapdoor":1,"minecraft:dark_oak_trapdoor":1,"minecraft:barrel":2,"minecraft:stripped_dark_oak_wood":12,"minecraft:dark_oak_stairs":5,"minecraft:bookshelf":6,"minecraft:vine":11,"minecraft:green_carpet":3,"minecraft:white_wool":13,"minecraft:spruce_slab":3,"minecraft:green_bed":9,"gravestones:gravestone":4,"minecraft:oak_slab":6,"minecraft:birch_stairs":4,"minecraft:acacia_leaves":13,"supplementaries:book_pile":1,"minecraft:powder_snow":1,"minecraft:crafting_table":1,"minecraft:melon":1,"minecraft:chest":4,"minecraft:dead_bush":3,"minecraft:cobblestone":1,"minecraft:tall_grass":53,"minecraft:oak_planks":15,"minecraft:orange_carpet":2,"minecraft:birch_sapling":14,"minecraft:spruce_stairs":3,"minecraft:fire_coral_fan":1,"minecraft:birch_planks":64,"minecraft:coarse_dirt":1,"minecraft:dark_oak_slab":4,"minecraft:birch_log":3,"minecraft:sea_pickle":1,"minecraft:spruce_log":1,"minecraft:birch_leaves":2,"minecraft:grass":55,"minecraft:oak_log":28,"minecraft:sand":3,"minecraft:dirt":52,"minecraft:cobweb":8,"minecraft:tripwire_hook":2,"minecraft:deepslate_emerald_ore":1,"minecraft:oak_leaves":17,"minecraft:fern":12},"minecraft:killed_by":{"minecraft:player":5,"minecraft:creeper":2,"minecraft:pillager":2,"minecraft:drowned":1,"minecraft:vindicator":3,"minecraft:hoglin":1,"minecraft:skeleton":4,"minecraft:zombie":63},"minecraft:picked_up":{"minecraft:wooden_axe":2,"minecraft:crafting_table":1,"minecraft:iron_chestplate":3,"minecraft:diamond_sword":4,"minecraft:wooden_pickaxe":2,"minecraft:enchanted_book":1,"simplyswords:iron_rapier":4,"minecraft:shield":3,"minecraft:iron_axe":1,"minecraft:string":9,"minecraft:dark_oak_trapdoor":1,"minecraft:wooden_sword":1,"minecraft:flint_and_steel":2,"minecraft:iron_leggings":2,"minecraft:cyan_carpet":1,"minecraft:gold_nugget":23,"minecraft:spruce_planks":41,"minecraft:beef":16,"minecraft:cyan_wool":4,"minecraft:spruce_slab":2,"minecraft:melon_slice":6,"minecraft:chest":2,"minecraft:birch_sapling":46,"minecraft:iron_boots":3,"minecraft:stick":69,"minecraft:copper_ingot":5,"minecraft:torch":1,"minecraft:acacia_log":1,"minecraft:green_bed":9,"minecraft:spruce_stairs":1,"minecraft:dark_oak_planks":54,"minecraft:arrow":7,"minecraft:rotten_flesh":74,"minecraft:hay_block":1,"minecraft:stripped_dark_oak_wood":9,"minecraft:gold_ingot":18,"supplementaries:ash":4,"gravestones:gravestone":22,"minecraft:skeleton_skull":1,"minecraft:white_wool":21,"minecraft:cobblestone":1,"minecraft:birch_log":222,"simplyswords:iron_katana":2,"minecraft:dark_oak_button":1,"minecraft:jungle_boat":3,"minecraft:feather":18,"minecraft:salmon":4,"minecraft:tripwire_hook":3,"minecraft:birch_slab":2,"minecraft:jungle_log":10,"minecraft:orange_carpet":1,"minecraft:leather":2,"minecraft:music_disc_stal":1,"aquamirae:spinefish":4,"minecraft:birch_planks":329,"minecraft:flint":3,"minecraft:tuff":2,"minecraft:oak_log":201,"minecraft:gunpowder":365,"immersive_aircraft:gyrodyne":7,"minecraft:blue_bed":1,"minecraft:dirt":153,"naturalist:bass":9,"minecraft:bone":2,"minecraft:apple":4,"minecraft:wheat_seeds":17,"minecraft:iron_ingot":13,"minecraft:moss_block":2,"minecraft:iron_sword":1,"minecraft:oak_planks":120,"minecraft:acacia_sapling":1,"minecraft:dark_oak_stairs":4,"minecraft:book":24,"minecraft:oak_slab":16,"minecraft:milk_bucket":2,"minecraft:dark_oak_slab":6,"minecraft:pumpkin":1,"minecraft:sand":3,"minecraft:birch_stairs":3,"minecraft:jungle_planks":15,"minecraft:ink_sac":5,"minecraft:spruce_log":1,"naturalist:cooked_bass":6,"minecraft:green_carpet":2,"minecraft:dark_oak_log":4,"minecraft:spruce_door":1,"minecraft:barrel":4,"travelersbackpack:white_sleeping_bag":2,"minecraft:lever":1,"minecraft:iron_helmet":4,"minecraft:oak_sapling":71,"minecraft:acacia_slab":5,"minecraft:dark_oak_fence":3},"minecraft:custom":{"minecraft:mob_kills":58,"minecraft:interact_with_crafting_table":53,"minecraft:open_barrel":70,"minecraft:leave_game":1,"minecraft:time_since_death":39177,"minecraft:climb_one_cm":13730,"minecraft:sprint_one_cm":21874,"minecraft:walk_one_cm":1204863,"minecraft:damage_blocked_by_shield":348,"minecraft:drop":46,"minecraft:talked_to_villager":6,"minecraft:play_time":321939,"minecraft:deaths":102,"minecraft:sneak_time":10491,"minecraft:walk_under_water_one_cm":117649,"minecraft:boat_one_cm":489483,"minecraft:jump":2196,"minecraft:walk_on_water_one_cm":49586,"minecraft:total_world_time":321939,"minecraft:sleep_in_bed":11,"minecraft:time_since_rest":39218,"minecraft:damage_taken":36176,"minecraft:damage_dealt":9980,"minecraft:swim_one_cm":6492,"minecraft:fly_one_cm":21032,"minecraft:player_kills":2,"minecraft:open_chest":52,"minecraft:crouch_one_cm":13047,"minecraft:inspect_dispenser":7,"minecraft:fall_one_cm":164227},"minecraft:killed":{"minecraft:vindicator":2,"naturalist:coral_snake":1,"minecraft:skeleton":4,"minecraft:wolf":1,"friendsandfoes:copper_golem":2,"minecraft:parrot":14,"minecraft:salmon":4,"minecraft:creeper":1,"minecraft:squid":3,"minecraft:zombie":21,"minecraft:player":1,"minecraft:villager":1,"minecraft:cow":3},"minecraft:crafted":{"minecraft:oak_planks":308,"minecraft:iron_axe":2,"minecraft:chest":2,"minecraft:diamond_boots":1,"minecraft:golden_axe":1,"minecraft:diamond_sword":2,"minecraft:crafting_table":3,"minecraft:wooden_pickaxe":1,"minecraft:birch_planks":212,"minecraft:diamond_pickaxe":1,"minecraft:stick":8,"minecraft:diamond_chestplate":1},"minecraft:dropped":{"minecraft:iron_ingot":3,"minecraft:birch_planks":146,"minecraft:wheat_seeds":1,"minecraft:iron_helmet":2,"minecraft:copper_ingot":5,"minecraft:spruce_door":1,"minecraft:stick":4,"minecraft:dirt":63,"minecraft:dark_oak_trapdoor":1,"minecraft:iron_leggings":2,"minecraft:green_carpet":1,"minecraft:iron_axe":1,"minecraft:birch_log":48,"minecraft:bucket":1,"minecraft:music_disc_stal":1,"minecraft:white_wool":2,"minecraft:cyan_carpet":1,"minecraft:bowl":2,"minecraft:birch_sapling":29,"minecraft:rotten_flesh":1,"minecraft:iron_boots":3,"naturalist:cooked_bass":3,"minecraft:shears":1,"minecraft:flint_and_steel":1,"minecraft:diamond_sword":3,"minecraft:shield":1,"minecraft:skeleton_skull":1,"minecraft:spruce_planks":1,"minecraft:iron_chestplate":1,"minecraft:chest":1},"minecraft:used":{"minecraft:trident":2,"minecraft:spruce_slab":1,"minecraft:chest":3,"minecraft:spruce_planks":14,"minecraft:shield":6,"minecraft:rotten_flesh":1,"minecraft:stick":2,"minecraft:torch":1,"minecraft:dirt":9,"simplyswords:iron_katana":66,"minecraft:jungle_planks":14,"naturalist:cooked_bass":1,"minecraft:tuff":2,"minecraft:dark_oak_planks":27,"minecraft:wooden_axe":7,"minecraft:stripped_dark_oak_wood":8,"minecraft:iron_axe":59,"gravestones:gravestone":2,"minecraft:acacia_slab":5,"minecraft:jungle_log":3,"archers:iron_spear":1,"minecraft:dark_oak_slab":1,"aquamirae:spinefish":4,"minecraft:barrel":2,"minecraft:gunpowder":2,"minecraft:bow":22,"minecraft:beef":5,"naturalist:bass":8,"minecraft:dark_oak_stairs":2,"minecraft:birch_planks":68,"simplyswords:iron_rapier":15,"minecraft:oak_planks":104,"minecraft:wooden_pickaxe":30,"minecraft:blue_bed":1,"minecraft:green_bed":2,"minecraft:jungle_boat":3,"minecraft:white_wool":3,"minecraft:oak_slab":5,"minecraft:crafting_table":3,"minecraft:oak_log":18,"minecraft:diamond_pickaxe":180,"minecraft:apple":4,"minecraft:dark_oak_log":6,"minecraft:bread":1,"minecraft:birch_slab":1,"travelersbackpack:white_sleeping_bag":1,"minecraft:melon_slice":5,"aquamirae:cooked_spinefish":1,"minecraft:enchanted_book":1,"minecraft:diamond_sword":470,"minecraft:wooden_sword":1,"minecraft:potion":1,"minecraft:dark_oak_fence":1,"immersive_aircraft:gyrodyne":6,"minecraft:birch_stairs":1}},"DataVersion":3465}