{"stats":{"minecraft:killed":{"naturalist:lion":4,"minecraft:cave_spider":2,"minecraft:zombie_villager":1,"minecraft:spider":7,"minecraft:creeper":1,"minecraft:skeleton":3,"minecraft:zombie":15,"minecraft:player":8},"minecraft:dropped":{"minecraft:bread":27,"minecraft:wheat_seeds":18,"minecraft:iron_nugget":53,"minecraft:rotten_flesh":1,"travelersbackpack:standard":1,"minecraft:gunpowder":2,"minecraft:andesite":23,"minecraft:acacia_sapling":7,"minecraft:oak_sapling":22,"simplyswords:iron_greathammer":1},"minecraft:killed_by":{"minecraft:player":13,"minecraft:skeleton":3,"minecraft:zombie":3,"minecraft:enderman":1},"minecraft:used":{"minecraft:flint_and_steel":47,"minecraft:orange_bed":1,"simplyswords:gold_rapier":35,"simplyswords:iron_chakram":86,"simplyswords:iron_twinblade":87,"simplyswords:iron_greathammer":5,"minecraft:bread":11,"minecraft:melon_slice":24,"minecraft:iron_pickaxe":99,"minecraft:golden_axe":9},"minecraft:broken":{"simplyswords:gold_rapier":1},"minecraft:mined":{"create:zinc_ore":4,"create:deepslate_zinc_ore":3,"mythicmetals:platinum_ore":1,"minecraft:deepslate_diamond_ore":1,"minecraft:torch":1,"minecraft:grass_block":3,"minecraft:poppy":1,"minecraft:melon":7,"minecraft:tall_grass":1,"minecraft:iron_ore":2,"minecraft:wheat":7,"minecraft:andesite":16,"minecraft:grass":9,"minecraft:oak_log":1,"minecraft:deepslate_iron_ore":1,"minecraft:rail":55,"minecraft:cobweb":8,"mythicmetals:morkite_ore":11,"minecraft:stone":1,"minecraft:gold_ore":1},"minecraft:picked_up":{"minecraft:iron_chestplate":1,"minecraft:wheat":4,"minecraft:andesite":33,"minecraft:enchanted_book":1,"create:raw_zinc":6,"supplementaries:flax_seeds":2,"minecraft:gunpowder":4,"mythicmetals:raw_platinum":1,"minecraft:string":7,"minecraft:dirt":2,"minecraft:raw_copper":8,"minecraft:name_tag":1,"minecraft:bone":2,"minecraft:wheat_seeds":25,"minecraft:cobbled_deepslate":6,"minecraft:raw_gold":3,"minecraft:iron_ingot":21,"minecraft:iron_nugget":62,"minecraft:poppy":1,"minecraft:iron_pickaxe":1,"minecraft:melon_slice":39,"minecraft:oak_planks":1,"minecraft:acacia_sapling":7,"minecraft:raw_iron":8,"minecraft:stick":23,"minecraft:torch":9,"minecraft:acacia_log":1,"mythicmetals:morkite":22,"minecraft:spider_eye":3,"simplyswords:iron_greathammer":1,"minecraft:orange_bed":1,"minecraft:rotten_flesh":17,"minecraft:diamond":1,"supplementaries:antique_ink":1,"minecraft:iron_helmet":1,"supplementaries:ash":7,"minecraft:oak_sapling":44,"minecraft:brown_banner":1,"minecraft:rail":50,"minecraft:cobblestone":15},"minecraft:crafted":{"simplyswords:iron_chakram":1,"minecraft:birch_planks":20,"simplyswords:gold_rapier":1,"minecraft:iron_boots":1,"minecraft:iron_ingot":7,"minecraft:iron_pickaxe":1,"minecraft:iron_leggings":1,"minecraft:acacia_planks":4},"minecraft:custom":{"minecraft:interact_with_furnace":11,"minecraft:mob_kills":33,"minecraft:interact_with_crafting_table":12,"minecraft:leave_game":1,"minecraft:time_since_death":0,"minecraft:sleep_in_bed":3,"minecraft:time_since_rest":85,"minecraft:sprint_one_cm":222163,"minecraft:damage_taken":6095,"minecraft:walk_one_cm":323995,"minecraft:drop":102,"minecraft:damage_dealt":9068,"minecraft:talked_to_villager":1,"minecraft:player_kills":8,"minecraft:fly_one_cm":120623,"minecraft:open_chest":29,"minecraft:crouch_one_cm":1236,"minecraft:play_time":93261,"minecraft:deaths":20,"minecraft:sneak_time":512,"minecraft:walk_under_water_one_cm":1189,"minecraft:jump":990,"minecraft:interact_with_brewingstand":1,"minecraft:walk_on_water_one_cm":12645,"minecraft:total_world_time":93261,"minecraft:fall_one_cm":21170}},"DataVersion":3465}