{"stats":{"minecraft:broken":{"minecraft:wooden_shovel":2,"minecraft:diamond_leggings":1,"simplyswords:iron_rapier":1},"minecraft:mined":{"minecraft:dark_oak_planks":9,"minecraft:blue_carpet":13,"minecraft:tube_coral":1,"minecraft:red_carpet":3,"minecraft:spruce_planks":13,"minecraft:fire_coral_wall_fan":1,"minecraft:brewing_stand":1,"minecraft:grass_block":21,"minecraft:decorated_pot":1,"minecraft:jungle_planks":9,"minecraft:bubble_coral_block":1,"minecraft:acacia_slab":7,"minecraft:spawner":8,"minecraft:hay_block":5,"minecraft:oak_trapdoor":3,"minecraft:waxed_oxidized_cut_copper_slab":1,"mythicmetals:tin_ore":2,"minecraft:pumpkin":3,"minecraft:stripped_dark_oak_wood":1,"minecraft:brown_bed":1,"minecraft:dark_oak_stairs":4,"minecraft:lantern":1,"minecraft:spruce_pressure_plate":1,"minecraft:spruce_slab":2,"minecraft:green_bed":3,"minecraft:birch_stairs":1,"minecraft:oak_slab":3,"gravestones:gravestone":7,"minecraft:spruce_door":2,"minecraft:torch":2,"minecraft:crafting_table":1,"minecraft:calcite":3,"minecraft:oak_wood":3,"minecraft:melon":3,"minecraft:chest":1,"minecraft:dead_bush":1,"minecraft:tall_grass":24,"minecraft:oak_planks":49,"minecraft:iron_door":1,"minecraft:blue_bed":6,"minecraft:wall_torch":1,"minecraft:orange_carpet":17,"minecraft:spruce_stairs":1,"minecraft:cyan_wool":4,"minecraft:birch_planks":40,"minecraft:dark_oak_slab":3,"minecraft:birch_log":12,"minecraft:sweet_berry_bush":3,"minecraft:waxed_oxidized_cut_copper_stairs":2,"minecraft:birch_leaves":1,"minecraft:spruce_log":5,"minecraft:jukebox":1,"minecraft:grass":26,"minecraft:oak_log":21,"minecraft:sand":128,"minecraft:bubble_coral_wall_fan":1,"minecraft:gravel":1,"minecraft:dirt":38,"minecraft:tripwire_hook":1,"minecraft:acacia_planks":1,"minecraft:yellow_stained_glass":1,"minecraft:oak_leaves":5,"minecraft:birch_fence":1,"minecraft:fern":8},"minecraft:killed_by":{"minecraft:player":4,"minecraft:creeper":2,"minecraft:pillager":6,"minecraft:drowned":7,"minecraft:vindicator":20,"minecraft:hoglin":7,"minecraft:skeleton":4,"minecraft:zombie":46},"minecraft:picked_up":{"minecraft:wooden_axe":3,"minecraft:iron_chestplate":3,"minecraft:charcoal":2,"minecraft:crafting_table":1,"minecraft:chicken":4,"minecraft:nether_brick_fence":12,"minecraft:wooden_pickaxe":1,"minecraft:potion":1,"minecraft:brown_bed":1,"minecraft:enchanted_book":7,"simplyswords:iron_rapier":7,"minecraft:shield":1,"aquamirae:sharp_bones":3,"minecraft:string":13,"minecraft:oak_trapdoor":6,"minecraft:dark_oak_trapdoor":1,"minecraft:wooden_sword":1,"minecraft:flint_and_steel":2,"minecraft:item_frame":3,"minecraft:birch_fence":1,"minecraft:cyan_carpet":2,"minecraft:sea_pickle":5,"minecraft:diamond_leggings":1,"minecraft:gold_nugget":11,"minecraft:spruce_planks":81,"minecraft:player_head":2,"minecraft:jungle_sapling":7,"minecraft:iron_pickaxe":4,"minecraft:spruce_slab":6,"minecraft:melon_slice":96,"minecraft:chest":3,"minecraft:birch_sapling":3,"minecraft:iron_boots":4,"minecraft:egg":1,"minecraft:spruce_pressure_plate":1,"minecraft:stick":25,"minecraft:torch":2,"minecraft:bowl":4,"minecraft:green_bed":3,"runes:fire_stone":8,"minecraft:spruce_stairs":2,"betterend:end_fish_raw":2,"minecraft:porkchop":27,"mythicmetals:raw_tin":4,"minecraft:blue_carpet":14,"minecraft:dark_oak_planks":32,"minecraft:arrow":18,"minecraft:diamond_chestplate":1,"minecraft:rotten_flesh":115,"minecraft:salmon_bucket":1,"minecraft:waxed_oxidized_cut_copper_stairs":1,"minecraft:hay_block":4,"minecraft:stripped_dark_oak_wood":5,"minecraft:gold_ingot":42,"supplementaries:ash":13,"gravestones:gravestone":28,"minecraft:iron_bars":3,"minecraft:cod":1,"minecraft:skeleton_skull":1,"minecraft:cobblestone":1,"minecraft:birch_log":66,"simplyswords:iron_katana":1,"minecraft:feather":1,"minecraft:jungle_boat":5,"simplyswords:diamond_rapier":5,"minecraft:tripwire_hook":2,"minecraft:salmon":1,"minecraft:jungle_log":4,"minecraft:orange_carpet":19,"minecraft:leather":12,"aquamirae:spinefish":1,"minecraft:birch_planks":46,"archers:iron_spear":1,"minecraft:flint":66,"minecraft:stripped_spruce_wood":1,"minecraft:oak_log":36,"minecraft:gunpowder":198,"minecraft:blue_bed":6,"minecraft:dirt":57,"minecraft:lantern":1,"minecraft:glass":50,"naturalist:bass":9,"minecraft:mangrove_fence":1,"minecraft:red_carpet":3,"minecraft:bone":13,"minecraft:acacia_planks":2,"minecraft:apple":4,"minecraft:bow":2,"minecraft:wheat_seeds":8,"minecraft:iron_ingot":50,"minecraft:diamond_helmet":2,"minecraft:moss_block":1,"minecraft:iron_sword":4,"minecraft:oak_planks":72,"minecraft:dark_oak_stairs":8,"minecraft:oak_slab":2,"minecraft:dark_oak_slab":5,"minecraft:pumpkin":3,"minecraft:sweet_berries":5,"minecraft:birch_stairs":6,"minecraft:sand":143,"minecraft:jungle_planks":10,"minecraft:green_carpet":2,"minecraft:spruce_log":4,"minecraft:acacia_stairs":5,"naturalist:cooked_bass":2,"minecraft:dark_oak_log":8,"minecraft:jungle_slab":4,"minecraft:spruce_door":2,"minecraft:barrel":3,"create:copper_diving_helmet":1,"minecraft:oak_wood":2,"minecraft:diamond":7,"minecraft:dead_bubble_coral_block":1,"minecraft:iron_helmet":2,"minecraft:chainmail_helmet":1,"minecraft:emerald":91,"minecraft:waxed_oxidized_cut_copper_slab":2,"minecraft:oak_sapling":1,"simplyswords:iron_chakram":1,"minecraft:acacia_slab":19,"minecraft:dark_oak_fence":2},"minecraft:custom":{"minecraft:mob_kills":100,"minecraft:interact_with_crafting_table":12,"minecraft:open_barrel":116,"minecraft:time_since_death":17074,"minecraft:leave_game":2,"minecraft:climb_one_cm":18730,"minecraft:sprint_one_cm":645967,"minecraft:walk_one_cm":968796,"minecraft:damage_blocked_by_shield":1120,"minecraft:drop":177,"minecraft:talked_to_villager":8,"minecraft:play_time":318739,"minecraft:deaths":107,"minecraft:sneak_time":35526,"minecraft:walk_under_water_one_cm":113978,"minecraft:boat_one_cm":362166,"minecraft:jump":1591,"minecraft:walk_on_water_one_cm":56056,"minecraft:total_world_time":318739,"minecraft:interact_with_furnace":7,"minecraft:traded_with_villager":1,"minecraft:sleep_in_bed":11,"minecraft:time_since_rest":17116,"minecraft:damage_taken":34747,"minecraft:damage_dealt":20694,"minecraft:swim_one_cm":154643,"minecraft:fly_one_cm":140325,"minecraft:player_kills":5,"minecraft:open_chest":44,"minecraft:crouch_one_cm":95280,"minecraft:fall_one_cm":50344,"minecraft:inspect_dispenser":3},"minecraft:killed":{"minecraft:spider":1,"minecraft:vindicator":25,"minecraft:cod":1,"naturalist:boar":1,"minecraft:skeleton":6,"minecraft:chicken":2,"minecraft:parrot":4,"minecraft:pillager":8,"minecraft:zombie":49,"minecraft:player":4,"minecraft:villager":1},"minecraft:crafted":{"minecraft:wooden_sword":1,"minecraft:oak_planks":490,"minecraft:glass":53,"minecraft:iron_axe":1,"minecraft:wooden_shovel":2,"minecraft:diamond_sword":1,"minecraft:crafting_table":1,"minecraft:wooden_pickaxe":1,"runes:fire_stone":8,"minecraft:birch_planks":514,"minecraft:jungle_planks":16,"minecraft:stick":14,"minecraft:wooden_axe":1},"minecraft:dropped":{"minecraft:iron_ingot":64,"minecraft:iron_sword":2,"minecraft:dark_oak_stairs":1,"minecraft:birch_planks":4,"minecraft:porkchop":1,"mythicmetals:raw_tin":4,"minecraft:oak_log":8,"minecraft:iron_helmet":3,"minecraft:apple":6,"minecraft:leather":6,"minecraft:jungle_planks":1,"minecraft:flint":4,"minecraft:stick":7,"minecraft:jungle_slab":3,"minecraft:dark_oak_log":15,"minecraft:orange_carpet":1,"simplyswords:diamond_rapier":4,"minecraft:wooden_axe":3,"minecraft:melon_slice":8,"minecraft:stripped_dark_oak_wood":4,"minecraft:green_carpet":2,"simplyswords:iron_rapier":3,"minecraft:iron_pickaxe":2,"minecraft:dark_oak_planks":15,"minecraft:string":8,"minecraft:birch_stairs":4,"minecraft:cyan_carpet":1,"minecraft:blue_bed":1,"minecraft:bone":8,"minecraft:sweet_berries":5,"naturalist:cooked_catfish":1,"minecraft:oak_trapdoor":4,"minecraft:bowl":4,"minecraft:birch_sapling":3,"minecraft:chicken":1,"minecraft:rotten_flesh":61,"minecraft:iron_boots":1,"minecraft:oak_planks":9,"wizards:wand_fire":1,"minecraft:nether_brick_fence":4,"gravestones:gravestone":3,"minecraft:acacia_stairs":5,"minecraft:diamond_sword":1,"supplementaries:ash":6,"minecraft:sea_pickle":1,"minecraft:gunpowder":40,"minecraft:skeleton_skull":1,"minecraft:iron_chestplate":1,"minecraft:charcoal":14,"aquamirae:spinefish":1,"minecraft:acacia_slab":2,"minecraft:spruce_pressure_plate":1,"minecraft:spruce_slab":4,"minecraft:arrow":6,"minecraft:wooden_pickaxe":1},"minecraft:used":{"minecraft:spruce_slab":2,"minecraft:chest":2,"minecraft:spruce_planks":51,"minecraft:shield":11,"minecraft:iron_sword":19,"minecraft:wooden_shovel":118,"minecraft:torch":2,"minecraft:dirt":36,"simplyswords:diamond_rapier":783,"simplyswords:iron_katana":10,"minecraft:jungle_planks":5,"minecraft:oak_wood":2,"minecraft:salmon_bucket":2,"minecraft:glass":80,"minecraft:dark_oak_planks":3,"minecraft:wooden_axe":45,"minecraft:lantern":1,"minecraft:iron_axe":94,"gravestones:gravestone":8,"archers:iron_spear":20,"minecraft:hay_block":3,"supplementaries:ash":3,"minecraft:acacia_planks":1,"minecraft:brown_bed":1,"minecraft:spruce_door":2,"minecraft:birch_planks":589,"simplyswords:iron_rapier":403,"minecraft:oak_planks":421,"minecraft:wooden_pickaxe":9,"minecraft:blue_bed":4,"minecraft:green_bed":3,"minecraft:jungle_boat":3,"minecraft:dark_oak_trapdoor":1,"simplyswords:iron_chakram":63,"minecraft:crafting_table":1,"minecraft:cod":1,"minecraft:oak_log":1,"minecraft:apple":2,"minecraft:bread":1,"minecraft:chicken":1,"minecraft:melon_slice":45,"minecraft:iron_pickaxe":29,"wizards:wand_fire":2,"minecraft:diamond_sword":4,"minecraft:wooden_sword":6,"minecraft:porkchop":3,"minecraft:bucket":2,"minecraft:birch_stairs":2}},"DataVersion":3465}