{"stats":{"minecraft:custom":{"minecraft:interact_with_furnace":20,"minecraft:mob_kills":42,"minecraft:interact_with_crafting_table":14,"minecraft:leave_game":1,"minecraft:time_since_death":6449,"minecraft:sleep_in_bed":3,"minecraft:climb_one_cm":458,"minecraft:time_since_rest":6478,"minecraft:sprint_one_cm":314811,"minecraft:damage_taken":6668,"minecraft:walk_one_cm":506656,"minecraft:drop":154,"minecraft:damage_dealt":10458,"minecraft:swim_one_cm":2257,"minecraft:talked_to_villager":1,"minecraft:fly_one_cm":131833,"minecraft:player_kills":8,"minecraft:open_chest":30,"minecraft:crouch_one_cm":1270,"minecraft:play_time":138095,"minecraft:deaths":21,"minecraft:sneak_time":550,"minecraft:walk_under_water_one_cm":3352,"minecraft:interact_with_brewingstand":1,"minecraft:jump":1299,"minecraft:walk_on_water_one_cm":28364,"minecraft:total_world_time":138095,"minecraft:fall_one_cm":25412},"minecraft:killed_by":{"minecraft:player":13,"minecraft:cave_spider":1,"minecraft:skeleton":3,"minecraft:zombie":3,"minecraft:enderman":1},"minecraft:picked_up":{"minecraft:iron_chestplate":1,"minecraft:wheat":4,"minecraft:glow_ink_sac":7,"minecraft:andesite":93,"minecraft:enchanted_book":1,"create:raw_zinc":43,"supplementaries:flax_seeds":4,"minecraft:gunpowder":4,"mythicmetals:raw_platinum":9,"minecraft:dirt":2,"minecraft:string":59,"minecraft:raw_copper":57,"minecraft:name_tag":1,"minecraft:bone":4,"minecraft:wheat_seeds":30,"minecraft:cobbled_deepslate":27,"minecraft:raw_gold":6,"minecraft:iron_ingot":21,"minecraft:iron_ore":23,"minecraft:iron_nugget":62,"minecraft:poppy":1,"minecraft:iron_pickaxe":2,"minecraft:melon_slice":39,"minecraft:oak_planks":1,"minecraft:acacia_sapling":7,"minecraft:furnace":1,"minecraft:stick":23,"minecraft:raw_iron":103,"minecraft:oak_fence":2,"minecraft:torch":18,"minecraft:acacia_log":1,"mythicmetals:raw_quadrillum":1,"mythicmetals:morkite":45,"minecraft:iron_horse_armor":2,"simplyswords:iron_greathammer":1,"minecraft:spider_eye":9,"minecraft:bundle":4,"minecraft:orange_bed":1,"minecraft:rotten_flesh":27,"minecraft:diamond":3,"minecraft:iron_helmet":1,"supplementaries:antique_ink":1,"supplementaries:ash":11,"minecraft:oak_sapling":66,"minecraft:brown_banner":1,"minecraft:coal":15,"minecraft:rail":141,"minecraft:cobblestone":30},"minecraft:dropped":{"minecraft:bread":27,"minecraft:wheat_seeds":28,"minecraft:iron_nugget":53,"mythicmetals:raw_quadrillum":1,"minecraft:cobbled_deepslate":27,"minecraft:diamond":3,"mythicmetals:morkite":22,"minecraft:oak_fence":2,"minecraft:cobblestone":16,"minecraft:rotten_flesh":22,"minecraft:iron_horse_armor":3,"travelersbackpack:standard":1,"minecraft:flint_and_steel":1,"supplementaries:flax_seeds":2,"supplementaries:ash":11,"minecraft:gunpowder":2,"minecraft:bundle":3,"minecraft:andesite":89,"minecraft:oak_sapling":66,"minecraft:acacia_sapling":7,"minecraft:iron_ore":23,"minecraft:arrow":1,"minecraft:iron_pickaxe":1,"minecraft:string":59,"simplyswords:iron_greathammer":1},"minecraft:mined":{"create:zinc_ore":29,"create:deepslate_zinc_ore":15,"mythicmetals:platinum_ore":9,"minecraft:deepslate_diamond_ore":1,"mythicmetals:deepslate_morkite_ore":11,"minecraft:oak_fence":3,"minecraft:torch":1,"minecraft:grass_block":3,"minecraft:poppy":1,"minecraft:melon":7,"minecraft:copper_ore":2,"minecraft:tall_grass":1,"minecraft:deepslate_gold_ore":1,"minecraft:spawner":1,"supplementaries:urn":4,"mythicmetals:quadrillum_ore":1,"minecraft:iron_ore":14,"minecraft:wheat":7,"minecraft:andesite":25,"minecraft:grass":9,"minecraft:coal_ore":3,"minecraft:oak_log":1,"minecraft:deepslate_iron_ore":6,"minecraft:rail":146,"minecraft:dirt":4,"mythicmetals:morkite_ore":11,"minecraft:cobweb":50,"minecraft:stone":4,"minecraft:gold_ore":2,"minecraft:deepslate":2},"minecraft:used":{"minecraft:iron_ore":23,"minecraft:flint_and_steel":47,"minecraft:bundle":2,"minecraft:oak_planks":1,"minecraft:orange_bed":1,"minecraft:torch":2,"simplyswords:gold_rapier":35,"minecraft:rail":1,"simplyswords:iron_chakram":86,"simplyswords:iron_twinblade":159,"simplyswords:iron_greathammer":5,"minecraft:bread":17,"minecraft:melon_slice":29,"minecraft:iron_pickaxe":295,"travelersbackpack:standard":6,"minecraft:furnace":1,"minecraft:andesite":4,"minecraft:golden_axe":13},"minecraft:killed":{"naturalist:lion":4,"minecraft:cave_spider":8,"minecraft:zombie_villager":1,"minecraft:spider":7,"minecraft:creeper":1,"minecraft:skeleton":3,"minecraft:zombie":18,"minecraft:player":8},"minecraft:broken":{"simplyswords:gold_rapier":1,"minecraft:golden_axe":1,"minecraft:iron_pickaxe":1},"minecraft:crafted":{"simplyswords:iron_chakram":1,"minecraft:birch_planks":20,"minecraft:air":0,"simplyswords:gold_rapier":1,"minecraft:iron_boots":1,"minecraft:iron_pickaxe":1,"minecraft:iron_ingot":70,"minecraft:iron_leggings":1,"minecraft:acacia_planks":4}},"DataVersion":3465}