{"stats":{"minecraft:killed_by":{"minecraft:wither_skeleton":2,"minecraft:creeper":2,"minecraft:piglin":1,"minecraft:skeleton":3,"minecraft:blaze":1,"minecraft:zombie":3},"minecraft:custom":{"minecraft:mob_kills":110,"minecraft:animals_bred":2,"minecraft:interact_with_crafting_table":32,"minecraft:open_barrel":6,"minecraft:interact_with_campfire":9,"minecraft:leave_game":2,"minecraft:time_since_death":56687,"minecraft:climb_one_cm":2004,"minecraft:sprint_one_cm":781201,"minecraft:walk_one_cm":1071030,"minecraft:drop":75,"minecraft:play_time":311620,"minecraft:deaths":19,"minecraft:sneak_time":4318,"minecraft:walk_under_water_one_cm":82073,"minecraft:boat_one_cm":19635,"minecraft:jump":2500,"minecraft:interact_with_brewingstand":1,"minecraft:walk_on_water_one_cm":50073,"minecraft:total_world_time":311620,"minecraft:interact_with_furnace":87,"minecraft:sleep_in_bed":4,"minecraft:time_since_rest":30392,"minecraft:damage_taken":8509,"minecraft:damage_dealt":15603,"minecraft:swim_one_cm":205417,"minecraft:fly_one_cm":359121,"minecraft:player_kills":3,"minecraft:open_chest":80,"minecraft:crouch_one_cm":11230,"minecraft:fall_one_cm":43693},"minecraft:used":{"minecraft:oak_fence":15,"minecraft:enchanting_table":1,"minecraft:stone_sword":92,"minecraft:stone_shovel":131,"betternether:stalagnate_planks":4,"minecraft:spruce_planks":2,"minecraft:decorated_pot":1,"minecraft:stone":8,"minecraft:iron_sword":192,"minecraft:deepslate_gold_ore":4,"minecraft:netherrack":12,"minecraft:torch":2,"minecraft:dirt":4,"mythicmetals:copper_axe":70,"betternether:cincinnasite_fire_bowl":3,"betternether:cincinnasite_pillar":19,"minecraft:spruce_fence":19,"minecraft:glass":97,"minecraft:bookshelf":36,"minecraft:coal_ore":92,"friendsandfoes:totem_of_illusion":1,"betternether:willow_roof":1,"betterfurnacesreforged:diamond_furnace":1,"minecraft:bow":2,"minecraft:sweet_berries":239,"minecraft:egg":2,"minecraft:cooked_beef":6,"minecraft:cobbled_deepslate":2,"betternether:cincinnasite_pedestal":1,"minecraft:cooked_mutton":9,"soulsweapons:moonstone_ore_deepslate":4,"minecraft:pink_tulip":2,"minecraft:bundle":2,"minecraft:oak_planks":1,"minecraft:stone_pickaxe":161,"minecraft:sandstone":56,"minecraft:glow_berries":11,"minecraft:sand":9,"betternether:cincinnasite_hoe":1,"minecraft:deepslate_redstone_ore":5,"minecraft:crossbow":7,"minecraft:white_bed":2,"minecraft:apple":5,"minecraft:crying_obsidian":4,"minecraft:deepslate_iron_ore":4,"minecraft:bread":4,"minecraft:iron_pickaxe":703,"minecraft:deepslate":27,"betternether:cincinnasite_forged":3,"minecraft:nether_wart_block":1,"minecraft:diamond_sword":2,"minecraft:cobblestone":34,"minecraft:cooked_porkchop":12,"minecraft:oak_boat":1,"minecraft:cobweb":2},"minecraft:killed":{"minecraft:spider":6,"minecraft:vindicator":1,"hybrid-aquatic:barreleye":1,"hybrid-aquatic:frilled_shark":1,"minecraft:skeleton":15,"minecraft:chicken":5,"minecraft:illusioner":1,"minecraft:drowned":5,"minecraft:pig":9,"hybrid-aquatic:barrel_jellyfish":1,"minecraft:creeper":3,"minecraft:sheep":4,"minecraft:pillager":3,"minecraft:zombie":28,"minecraft:wither_skeleton":1,"hybrid-aquatic:great_white_shark":1,"minecraft:cow":1},"minecraft:mined":{"minecraft:large_amethyst_bud":1,"minecraft:spruce_planks":52,"betternether:cincinnasite_pedestal":3,"minecraft:deepslate_diamond_ore":1,"mythicmetals:osmium_ore":13,"minecraft:mangrove_roots":13,"minecraft:glow_lichen":1,"minecraft:spruce_fence":4,"minecraft:grass_block":5,"betternether:willow_roof":1,"minecraft:decorated_pot":3,"betternether:stalagnate_planks":4,"betternether:nether_brick_wall":2,"betternether:black_bush":3,"minecraft:spruce_leaves":1,"minecraft:moss_block":1,"minecraft:sandstone":230,"minecraft:large_fern":1,"minecraft:spruce_sapling":1,"mythicmetals:tin_ore":23,"minecraft:moss_carpet":1,"minecraft:enchanting_table":1,"betternether:pig_statue_respawner":4,"betternether:nether_brick_tile_large":1,"minecraft:bookshelf":37,"soulsweapons:moonstone_ore_deepslate":8,"minecraft:deepslate_iron_ore":2,"minecraft:rail":158,"minecraft:cave_vines":1,"minecraft:small_amethyst_bud":1,"betternether:cincinnasite_fire_bowl":5,"minecraft:azalea":2,"minecraft:stone":144,"minecraft:spruce_slab":1,"minecraft:deepslate_redstone_ore":2,"minecraft:flowering_azalea":1,"betternether:golden_vine":1,"coffins:coffin":1,"betternether:cincinnasite_tile_large":3,"minecraft:torch":2,"minecraft:short_grass":11,"minecraft:emerald_ore":2,"minecraft:cobblestone":29,"minecraft:campfire":1,"betternether:cincinnasite_forged":3,"minecraft:glass":12,"minecraft:tall_grass":11,"minecraft:copper_ore":1,"minecraft:deepslate_gold_ore":3,"minecraft:oak_planks":1,"minecraft:amethyst_block":1,"minecraft:purple_bed":1,"minecraft:powered_rail":2,"minecraft:nether_wart_block":1,"minecraft:sweet_berry_bush":129,"betternether:geyser":1,"minecraft:birch_leaves":2,"minecraft:coal_ore":16,"minecraft:sand":249,"minecraft:cobweb":18,"minecraft:smooth_basalt":4,"betternether:quartz_glass_framed_pane_light_blue":2,"betternether:cincinnasite_pillar":21,"minecraft:deepslate":31,"mythicmetals:banglum_ore":10,"minecraft:fern":1,"minecraft:oak_leaves":18,"soulsweapons:verglas_ore":1},"minecraft:broken":{"hybrid-aquatic:diving_helmet":2,"minecraft:stone_pickaxe":1,"minecraft:stone_shovel":1},"minecraft:crafted":{"minecraft:oak_planks":132,"minecraft:stone_shovel":1,"minecraft:spruce_fence":15,"minecraft:cooked_mutton":7,"minecraft:glass":0,"hybrid-aquatic:diving_boots":1,"mythicmetals:copper_leggings":1,"minecraft:oak_fence":15,"mythicmetals:copper_chestplate":1,"mythicmetals:tin_ingot":33,"minecraft:cooked_beef":3,"mythicmetals:copper_axe":1,"minecraft:cooked_porkchop":11,"mythicmetals:osmium_ingot":19,"minecraft:spruce_planks":64,"minecraft:copper_ingot":143,"minecraft:birch_planks":32,"minecraft:air":0,"mythicmetals:osmium_chestplate":1,"mythicmetals:banglum_ingot":17,"minecraft:iron_pickaxe":1,"minecraft:iron_ingot":23,"minecraft:stone_sword":1,"minecraft:white_bed":2,"mythicmetals:osmium_leggings":1},"minecraft:picked_up":{"betternether:golden_vine":1,"minecraft:charcoal":2,"betternether:cincinnasite_hoe":1,"minecraft:chicken":8,"minecraft:chest_minecart":2,"betternether:pig_statue_respawner":4,"friendsandfoes:totem_of_illusion":1,"soulsweapons:moonstone":4,"minecraft:potion":2,"minecraft:enchanted_book":1,"minecraft:brick":8,"minecraft:string":32,"minecraft:moss_carpet":16,"minecraft:raw_copper":34,"minecraft:flint_and_steel":1,"minecraft:netherite_scrap":1,"mythicmetals:mythril_drill_smithing_template":1,"minecraft:activator_rail":4,"minecraft:cobbled_deepslate":12,"minecraft:detector_rail":1,"minecraft:spruce_planks":58,"minecraft:beef":9,"mythicmetals:raw_osmium":23,"minecraft:white_tulip":8,"minecraft:oak_boat":2,"minecraft:azalea":1,"minecraft:spruce_slab":2,"minecraft:iron_pickaxe":5,"minecraft:birch_sapling":1,"minecraft:deepslate_iron_ore":4,"minecraft:sandstone":163,"minecraft:raw_iron":1,"minecraft:stick":58,"betternether:nether_brick_wall":4,"minecraft:stone":71,"minecraft:copper_ingot":54,"minecraft:oak_fence":1,"minecraft:torch":17,"minecraft:spruce_fence":4,"minecraft:porkchop":31,"hybrid-aquatic:diving_helmet":3,"mythicmetals:raw_tin":38,"hybrid-aquatic:shark_tooth":2,"minecraft:redstone":22,"minecraft:stone_sword":3,"minecraft:arrow":28,"minecraft:rotten_flesh":66,"minecraft:beetroot_seeds":9,"minecraft:decorated_pot":1,"minecraft:pink_tulip":2,"minecraft:mangrove_roots":15,"minecraft:bookshelf":36,"betternether:cincinnasite_fire_bowl":5,"minecraft:glow_berries":3,"minecraft:mutton":9,"mythicmetals:copper_chestplate":2,"minecraft:rail":257,"minecraft:white_wool":6,"minecraft:cobblestone":124,"minecraft:birch_log":8,"minecraft:enchanting_table":1,"betternether:cincinnasite_tile_large":1,"minecraft:feather":6,"minecraft:cooked_beef":6,"minecraft:leather":6,"mythicmetals:raw_banglum":17,"minecraft:birch_planks":4,"hybrid-aquatic:diving_boots":2,"minecraft:nether_wart_block":1,"minecraft:gunpowder":6,"betternether:cincinnasite_pedestal":3,"minecraft:dirt":20,"minecraft:cooked_mutton":7,"minecraft:bone":32,"minecraft:mangrove_boat":2,"minecraft:glass":12,"minecraft:large_amethyst_bud":1,"minecraft:bow":3,"minecraft:wheat_seeds":3,"minecraft:raw_gold":3,"betterfurnacesreforged:diamond_furnace":1,"minecraft:cooked_chicken":2,"minecraft:iron_ingot":33,"minecraft:stone_pickaxe":4,"minecraft:powered_rail":2,"minecraft:moss_block":1,"minecraft:iron_sword":2,"minecraft:oak_planks":11,"minecraft:flowering_azalea":4,"minecraft:book":3,"betternether:black_bush":5,"minecraft:cooked_porkchop":8,"minecraft:sweet_berries":346,"minecraft:sand":306,"minecraft:small_amethyst_bud":1,"minecraft:spruce_door":2,"minecraft:spruce_log":16,"betternether:cincinnasite_forged":3,"soulsweapons:moonstone_ore_deepslate":4,"minecraft:spider_eye":1,"minecraft:bundle":3,"minecraft:purple_bed":1,"minecraft:pumpkin_seeds":6,"minecraft:coal_ore":93,"minecraft:slime_ball":2,"minecraft:deepslate":27,"minecraft:diamond":1,"mythicmetals:copper_leggings":2,"betternether:cincinnasite_pillar":19,"minecraft:deepslate_gold_ore":4,"betternether:stalagnate_planks":4,"minecraft:crossbow":1,"minecraft:deepslate_redstone_ore":5,"soulsweapons:verglas":1,"minecraft:emerald":5,"minecraft:netherrack":9,"minecraft:oak_sapling":1,"minecraft:coal":148},"minecraft:dropped":{"minecraft:iron_ingot":1,"minecraft:bread":2,"minecraft:moss_block":1,"minecraft:birch_planks":4,"minecraft:wheat_seeds":3,"mythicmetals:raw_tin":3,"minecraft:cooked_beef":3,"minecraft:feather":2,"minecraft:cobblestone":11,"mythicmetals:copper_leggings":2,"minecraft:leather":2,"betternether:black_bush":2,"minecraft:netherite_scrap":1,"minecraft:sand":66,"minecraft:pumpkin":2,"minecraft:flowering_azalea":1,"minecraft:iron_pickaxe":4,"minecraft:bone":5,"minecraft:white_tulip":7,"minecraft:moss_carpet":6,"minecraft:sweet_berries":32,"minecraft:stone_sword":1,"betternether:nether_brick_wall":5,"betternether:cincinnasite_tile_large":1,"minecraft:pumpkin_seeds":4,"minecraft:filled_map":1,"minecraft:diamond_sword":1,"minecraft:stone":3,"minecraft:gunpowder":2,"minecraft:spruce_planks":4,"minecraft:bundle":1,"minecraft:beetroot_seeds":6,"mythicmetals:copper_chestplate":2,"minecraft:azalea":1,"mythicmetals:tin_ingot":33,"betternether:weeping_obsidian":3}},"DataVersion":3700}