{"stats":{"minecraft:dropped":{"minecraft:moss_block":1,"minecraft:birch_planks":4,"mythicmetals:raw_tin":3,"minecraft:cooked_beef":3,"minecraft:leather":2,"betternether:black_bush":2,"betternether:nether_ruby":5,"betternether:nether_ruby_chestplate":1,"minecraft:netherite_scrap":2,"minecraft:sand":114,"minecraft:iron_pickaxe":6,"mythicmetals:osmium_chestplate":1,"minecraft:bone":5,"minecraft:white_tulip":7,"betternether:nether_brick_wall":5,"minecraft:rotten_flesh":2,"betternether:cincinnasite_tile_large":1,"minecraft:gunpowder":2,"minecraft:beetroot_seeds":6,"minecraft:azalea":1,"betternether:stalagnate_roof":5,"minecraft:arrow":2,"minecraft:iron_ingot":1,"minecraft:bread":2,"minecraft:wheat_seeds":3,"minecraft:bookshelf":7,"minecraft:feather":2,"minecraft:cobblestone":11,"minecraft:book":3,"mythicmetals:copper_leggings":2,"minecraft:spruce_door":2,"minecraft:wooden_hoe":1,"minecraft:sculk_catalyst":5,"minecraft:flowering_azalea":1,"minecraft:pumpkin":2,"minecraft:smooth_sandstone":3,"minecraft:moss_carpet":6,"minecraft:sweet_berries":35,"betternether:flaming_ruby_upgrade_smithing_template":9,"minecraft:stone_sword":1,"betternether:cincinnasite_bars":2,"minecraft:pumpkin_seeds":4,"minecraft:filled_map":1,"minecraft:diamond_sword":1,"minecraft:stone":3,"minecraft:bundle":1,"minecraft:spruce_planks":4,"mythicmetals:copper_chestplate":2,"minecraft:oak_boat":1,"mythicmetals:tin_ingot":33,"mythicmetals:osmium_leggings":1,"betternether:nether_ruby_helmet":2,"betternether:weeping_obsidian":3},"minecraft:mined":{"betternether:netherrack_furnace":4,"minecraft:large_amethyst_bud":1,"minecraft:spruce_planks":52,"betternether:cincinnasite_pedestal":41,"minecraft:white_bed":3,"minecraft:red_nether_bricks":1,"minecraft:red_sand":3,"minecraft:grass_block":5,"betternether:willow_roof":1,"betternether:stalagnate_planks":6,"betternether:nether_brick_wall":40,"minecraft:fire":14,"minecraft:moss_carpet":1,"betternether:cincinnasite_bricks_pillar":100,"minecraft:enchanting_table":1,"minecraft:cave_vines":1,"minecraft:small_amethyst_bud":5,"minecraft:spruce_pressure_plate":4,"betternether:cincinnasite_tile_small":15,"betternether:cincinnasite_fire_bowl":15,"minecraft:azalea":2,"minecraft:spruce_slab":1,"minecraft:deepslate_redstone_ore":2,"betternether:golden_vine":1,"minecraft:medium_amethyst_bud":5,"betternether:cincinnasite_pot":17,"minecraft:torch":4,"betternether:cincinnasite_forged":192,"minecraft:glass":59,"minecraft:cobblestone":29,"minecraft:oak_planks":1,"minecraft:wall_torch":4,"minecraft:amethyst_block":1,"minecraft:powered_rail":2,"minecraft:nether_wart_block":1,"betternether:geyser":1,"minecraft:sand":548,"minecraft:smooth_basalt":4,"betternether:roof_tile_nether_bricks":9,"minecraft:oak_leaves":18,"minecraft:deepslate":31,"soulsweapons:verglas_ore":1,"minecraft:deepslate_diamond_ore":1,"mythicmetals:osmium_ore":13,"minecraft:mangrove_roots":13,"minecraft:glow_lichen":1,"minecraft:spruce_fence":4,"minecraft:decorated_pot":3,"betternether:black_bush":3,"betternether:stalagnate_roof":19,"betternether:cincinnasite_bars":4,"minecraft:spruce_leaves":1,"minecraft:moss_block":1,"minecraft:sandstone":252,"betternether:potted_plant":2,"minecraft:large_fern":1,"minecraft:spruce_sapling":1,"minecraft:black_glazed_terracotta":46,"betternether:cincinnasite_wall":13,"betternether:weeping_obsidian":3,"mythicmetals:tin_ore":23,"betternether:quartz_glass_framed_pane":23,"betternether:pig_statue_respawner":4,"soulsweapons:moonstone_ore_deepslate":8,"betternether:wall_moss":3,"minecraft:bookshelf":56,"minecraft:deepslate_iron_ore":2,"minecraft:rail":158,"betternether:nether_brick_tile_large":48,"minecraft:stone":146,"minecraft:bone_block":6,"betternether:quartz_glass_framed_pane_purple":13,"minecraft:mangrove_stairs":6,"minecraft:flowering_azalea":1,"betternether:cincinnasite_stairs":50,"coffins:coffin":1,"betternether:cincinnasite_tile_large":3,"betternether:bone_wall":17,"minecraft:short_grass":12,"minecraft:emerald_ore":2,"minecraft:campfire":1,"minecraft:tall_grass":11,"minecraft:copper_ore":1,"minecraft:deepslate_gold_ore":3,"minecraft:purple_bed":1,"minecraft:sweet_berry_bush":133,"betternether:cincinnasite_lantern_small":6,"minecraft:birch_leaves":2,"betternether:bone_tile":492,"minecraft:coal_ore":16,"minecraft:cobweb":18,"betternether:quartz_glass_framed_pane_light_blue":2,"mythicmetals:banglum_ore":10,"betternether:cincinnasite_pillar":102,"minecraft:fern":1},"minecraft:killed_by":{"minecraft:wither_skeleton":10,"minecraft:creeper":3,"minecraft:piglin":1,"minecraft:blaze":1,"minecraft:zombie":3,"soulsweapons:accursed_lord_boss":1,"minecraft:player":1,"minecraft:skeleton":3},"minecraft:killed":{"minecraft:spider":6,"hybrid-aquatic:barreleye":1,"hybrid-aquatic:frilled_shark":1,"minecraft:skeleton":15,"minecraft:chicken":5,"minecraft:illusioner":1,"minecraft:pig":9,"minecraft:creeper":4,"minecraft:sheep":4,"minecraft:pillager":3,"minecraft:zombie":32,"minecraft:cow":1,"minecraft:vindicator":1,"minecraft:drowned":6,"hybrid-aquatic:barrel_jellyfish":1,"minecraft:wither_skeleton":25,"hybrid-aquatic:great_white_shark":1},"minecraft:custom":{"minecraft:animals_bred":2,"minecraft:interact_with_crafting_table":36,"minecraft:open_barrel":6,"minecraft:leave_game":4,"minecraft:time_since_death":150182,"minecraft:sprint_one_cm":1228437,"minecraft:drop":106,"minecraft:play_time":520570,"minecraft:deaths":33,"minecraft:jump":3774,"minecraft:interact_with_brewingstand":1,"minecraft:walk_on_water_one_cm":50073,"minecraft:interact_with_furnace":104,"minecraft:sleep_in_bed":5,"minecraft:damage_dealt":20623,"minecraft:player_kills":3,"minecraft:crouch_one_cm":39978,"minecraft:mob_kills":142,"minecraft:interact_with_campfire":9,"minecraft:climb_one_cm":4473,"minecraft:walk_one_cm":2053780,"minecraft:sneak_time":14723,"minecraft:walk_under_water_one_cm":82073,"minecraft:boat_one_cm":19635,"minecraft:total_world_time":520570,"minecraft:time_since_rest":6202,"minecraft:damage_taken":13645,"minecraft:swim_one_cm":205417,"minecraft:fly_one_cm":485097,"minecraft:open_chest":128,"minecraft:fall_one_cm":68122},"minecraft:picked_up":{"betternether:cincinnasite_bricks_pillar":98,"betternether:pig_statue_respawner":4,"soulsweapons:moonstone":4,"minecraft:potion":2,"minecraft:enchanted_book":1,"betternether:agave":15,"betternether:nether_brick_tile_large":41,"minecraft:string":32,"minecraft:raw_copper":34,"betternether:cincinnasite_wall":10,"betternether:nether_ruby_chestplate":1,"betternether:netherrack_furnace":4,"minecraft:activator_rail":4,"minecraft:red_sand":3,"minecraft:gold_nugget":1,"minecraft:cobbled_deepslate":12,"minecraft:black_glazed_terracotta":40,"minecraft:spruce_planks":61,"mythicmetals:raw_osmium":23,"minecraft:white_tulip":8,"minecraft:azalea":1,"minecraft:iron_pickaxe":8,"betternether:quartz_glass_framed_pane":23,"minecraft:deepslate_iron_ore":4,"minecraft:spruce_pressure_plate":6,"minecraft:stick":58,"betternether:bone_cincinnasite_door":11,"minecraft:oak_fence":1,"minecraft:torch":23,"betternether:bone_wall":19,"minecraft:porkchop":31,"minecraft:stone_sword":3,"minecraft:mangrove_stairs":6,"minecraft:rotten_flesh":76,"betternether:cincinnasite_lantern_small":6,"minecraft:mangrove_roots":15,"betternether:stalagnate_roof":19,"minecraft:bookshelf":55,"betternether:wart_ladder":1,"mythicmetals:copper_chestplate":2,"betternether:cincinnasite_bars":2,"minecraft:cobblestone":124,"minecraft:birch_log":8,"minecraft:enchanting_table":1,"minecraft:feather":6,"minecraft:cooked_beef":6,"betternether:cincinnasite_tile_large":1,"minecraft:medium_amethyst_bud":3,"betternether:quartz_glass_framed_pane_purple":13,"minecraft:wither_skeleton_skull":1,"travelersbackpack:magma_cube":1,"minecraft:dirt":20,"betternether:nether_ruby_helmet":1,"minecraft:glass":57,"minecraft:bone":117,"minecraft:large_amethyst_bud":1,"minecraft:bow":3,"minecraft:wheat_seeds":3,"minecraft:raw_gold":3,"minecraft:powered_rail":2,"minecraft:moss_block":1,"minecraft:oak_planks":11,"minecraft:cooked_porkchop":18,"betternether:weeping_obsidian":3,"betternether:wall_moss":3,"betternether:stalagnate_door":1,"minecraft:sand":603,"minecraft:bundle":3,"minecraft:diamond":1,"minecraft:deepslate":27,"minecraft:deepslate_gold_ore":4,"betternether:cincinnasite_pillar":97,"minecraft:crossbow":1,"soulsweapons:verglas":1,"minecraft:bread":20,"minecraft:emerald":5,"minecraft:oak_sapling":1,"minecraft:netherrack":23,"betternether:golden_vine":1,"minecraft:charcoal":2,"betternether:cincinnasite_hoe":1,"minecraft:chicken":8,"minecraft:chest_minecart":2,"friendsandfoes:totem_of_illusion":1,"minecraft:brick":8,"minecraft:moss_carpet":16,"minecraft:flint_and_steel":1,"minecraft:netherite_scrap":1,"mythicmetals:mythril_drill_smithing_template":1,"minecraft:detector_rail":1,"hybrid-aquatic:cooked_crayfish":1,"minecraft:beef":9,"minecraft:oak_boat":3,"minecraft:spruce_slab":2,"minecraft:birch_sapling":1,"betternether:flaming_ruby_helmet":1,"betternether:roof_tile_nether_bricks":9,"betternether:nether_brick_wall":42,"minecraft:raw_iron":1,"minecraft:sandstone":179,"minecraft:stone":73,"minecraft:copper_ingot":54,"minecraft:spruce_fence":4,"hybrid-aquatic:diving_helmet":3,"mythicmetals:raw_tin":38,"hybrid-aquatic:shark_tooth":2,"minecraft:redstone":22,"betternether:cincinnasite_stairs":50,"minecraft:arrow":30,"minecraft:decorated_pot":1,"minecraft:beetroot_seeds":9,"minecraft:pink_tulip":2,"betternether:cincinnasite_fire_bowl":15,"minecraft:glow_berries":3,"minecraft:mutton":9,"minecraft:white_wool":6,"minecraft:rail":257,"minecraft:bone_block":6,"mythicmetals:raw_banglum":17,"minecraft:leather":6,"minecraft:red_glazed_terracotta":1,"minecraft:birch_planks":4,"betternether:cincinnasite_pot":17,"hybrid-aquatic:diving_boots":2,"minecraft:gunpowder":7,"minecraft:nether_wart_block":1,"betternether:flaming_ruby_boots":1,"minecraft:wooden_hoe":2,"betternether:cincinnasite_pedestal":43,"betternether:cincinnasite_tile_small":15,"minecraft:cooked_mutton":7,"minecraft:smooth_sandstone":3,"minecraft:mangrove_boat":2,"betterfurnacesreforged:diamond_furnace":1,"minecraft:iron_ingot":33,"betternether:flaming_ruby_chestplate":1,"minecraft:stone_pickaxe":4,"minecraft:cooked_chicken":2,"minecraft:iron_sword":2,"minecraft:flowering_azalea":4,"minecraft:book":3,"betternether:flaming_ruby_upgrade_smithing_template":7,"betternether:black_bush":5,"minecraft:sweet_berries":353,"betternether:stalagnate_ladder":1,"minecraft:quartz":20,"betternether:bone_tile":488,"minecraft:small_amethyst_bud":5,"minecraft:white_bed":3,"minecraft:spruce_log":16,"soulsweapons:moonstone_ore_deepslate":4,"betternether:cincinnasite_forged":182,"minecraft:spruce_door":4,"minecraft:spider_eye":1,"betternether:flaming_ruby_leggings":1,"minecraft:diamond_shovel":1,"minecraft:pumpkin_seeds":6,"minecraft:coal_ore":93,"minecraft:purple_bed":1,"minecraft:slime_ball":2,"betternether:stalagnate_planks":5,"minecraft:deepslate_redstone_ore":5,"mythicmetals:copper_leggings":2,"minecraft:painting":8,"minecraft:coal":174,"minecraft:ender_pearl":16},"minecraft:broken":{"minecraft:stone_pickaxe":1,"minecraft:stone_shovel":1,"hybrid-aquatic:diving_boots":1,"hybrid-aquatic:diving_helmet":2},"minecraft:used":{"minecraft:decorated_pot":1,"minecraft:chest":2,"minecraft:iron_sword":192,"minecraft:stone":9,"mythicmetals:copper_axe":74,"betternether:flaming_ruby_sword":212,"minecraft:glass":392,"friendsandfoes:totem_of_illusion":1,"betternether:bone_cincinnasite_door":8,"minecraft:mangrove_stairs":6,"minecraft:coal_ore":92,"betternether:stalagnate_roof":15,"minecraft:bow":2,"minecraft:sweet_berries":246,"minecraft:egg":2,"betternether:cincinnasite_pot":6,"betternether:cincinnasite_pedestal":27,"betternether:cincinnasite_stairs":49,"soulsweapons:moonstone_ore_deepslate":4,"betternether:cincinnasite_tile_small":13,"minecraft:oak_planks":1,"minecraft:stone_pickaxe":161,"minecraft:sandstone":137,"minecraft:black_glazed_terracotta":39,"minecraft:glow_berries":11,"minecraft:sand":80,"hybrid-aquatic:cooked_crayfish":1,"minecraft:deepslate_redstone_ore":5,"minecraft:crossbow":7,"betternether:nether_brick_tile_large":37,"minecraft:crying_obsidian":4,"minecraft:deepslate_iron_ore":4,"minecraft:bread":21,"betternether:quartz_glass_framed_pane":18,"betternether:stalagnate_door":1,"minecraft:deepslate":27,"betternether:cincinnasite_forged":166,"minecraft:nether_wart_block":1,"minecraft:diamond_sword":2,"minecraft:medium_amethyst_bud":3,"betternether:weeping_obsidian":3,"minecraft:oak_boat":1,"betternether:wall_moss":3,"minecraft:cobweb":2,"minecraft:oak_fence":15,"minecraft:enchanting_table":1,"minecraft:stone_sword":92,"minecraft:flint_and_steel":1,"minecraft:stone_shovel":131,"betternether:stalagnate_planks":4,"minecraft:spruce_planks":5,"minecraft:deepslate_gold_ore":4,"minecraft:netherrack":27,"minecraft:torch":2,"minecraft:dirt":4,"betternether:cincinnasite_fire_bowl":8,"betternether:cincinnasite_pillar":89,"minecraft:spruce_fence":19,"minecraft:bookshelf":48,"betternether:willow_roof":1,"betterfurnacesreforged:diamond_furnace":1,"betternether:cincinnasite_lantern_small":8,"betternether:bone_tile":335,"minecraft:cooked_beef":6,"minecraft:cobbled_deepslate":12,"minecraft:cooked_mutton":13,"minecraft:pink_tulip":2,"minecraft:bundle":2,"minecraft:red_glazed_terracotta":1,"betternether:cincinnasite_hoe":1,"minecraft:white_bed":5,"minecraft:painting":8,"minecraft:apple":5,"minecraft:iron_pickaxe":2076,"minecraft:spruce_pressure_plate":4,"betternether:cincinnasite_bricks_pillar":97,"minecraft:stone_axe":14,"minecraft:cobblestone":34,"betternether:quartz_glass_framed_pane_purple":10,"minecraft:cooked_porkchop":15},"minecraft:crafted":{"minecraft:oak_planks":132,"minecraft:cooked_mutton":11,"minecraft:glass":0,"hybrid-aquatic:diving_boots":1,"minecraft:chest":7,"minecraft:oak_fence":15,"mythicmetals:tin_ingot":33,"minecraft:cooked_porkchop":11,"mythicmetals:osmium_ingot":19,"minecraft:spruce_planks":64,"minecraft:copper_ingot":143,"minecraft:birch_planks":32,"minecraft:iron_ingot":23,"minecraft:iron_pickaxe":1,"minecraft:stone_sword":1,"minecraft:stone_shovel":1,"minecraft:spruce_fence":15,"mythicmetals:copper_leggings":1,"mythicmetals:copper_chestplate":1,"minecraft:cooked_beef":3,"mythicmetals:copper_axe":1,"minecraft:air":0,"mythicmetals:osmium_chestplate":1,"mythicmetals:banglum_ingot":17,"minecraft:white_bed":2,"mythicmetals:osmium_leggings":1}},"DataVersion":3700}