{"stats":{"minecraft:custom":{"minecraft:mob_kills":118,"minecraft:interact_with_crafting_table":58,"minecraft:leave_game":10,"minecraft:time_since_death":84429,"minecraft:climb_one_cm":192,"minecraft:sprint_one_cm":312561,"minecraft:walk_one_cm":783629,"minecraft:damage_blocked_by_shield":455,"minecraft:drop":64,"minecraft:play_time":244904,"minecraft:walk_under_water_one_cm":11070,"minecraft:deaths":7,"minecraft:sneak_time":5613,"minecraft:jump":3132,"minecraft:walk_on_water_one_cm":43593,"minecraft:total_world_time":244904,"minecraft:interact_with_furnace":45,"minecraft:sleep_in_bed":2,"minecraft:time_since_rest":84455,"minecraft:damage_taken":4336,"minecraft:damage_dealt":20511,"minecraft:player_kills":7,"minecraft:swim_one_cm":13011,"minecraft:fly_one_cm":373437,"minecraft:open_chest":49,"minecraft:crouch_one_cm":10895,"minecraft:fall_one_cm":72239},"minecraft:killed_by":{"minecraft:player":1,"minecraft:spider":2,"minecraft:skeleton":3},"minecraft:picked_up":{"minecraft:wooden_axe":1,"minecraft:crafting_table":5,"minecraft:wheat":2,"archers:flint_spear":1,"minecraft:chest_minecart":3,"mythicmetals:raw_kyber":12,"minecraft:amethyst_block":27,"minecraft:cornflower":2,"minecraft:string":178,"minecraft:raw_copper":449,"minecraft:blackstone":265,"minecraft:cobbled_deepslate":48,"minecraft:beef":13,"minecraft:calcite":5,"minecraft:iron_pickaxe":1,"supplementaries:rope":2,"minecraft:melon_slice":62,"minecraft:chest":1,"minecraft:birch_sapling":4,"minecraft:furnace":2,"minecraft:raw_iron":180,"minecraft:stick":40,"minecraft:oak_fence":5,"minecraft:torch":36,"minecraft:acacia_log":15,"minecraft:porkchop":14,"mythicmetals:morkite":133,"minecraft:redstone":61,"minecraft:iron_horse_armor":1,"minecraft:arrow":19,"minecraft:rotten_flesh":51,"mythicmetals:raw_manganese":9,"minecraft:beetroot_seeds":3,"create:ochrum":2,"minecraft:hay_block":28,"create:asurine":10,"supplementaries:ash":12,"minecraft:glow_berries":6,"minecraft:mutton":5,"minecraft:white_wool":2,"minecraft:rail":61,"minecraft:cobblestone":115,"minecraft:birch_log":17,"minecraft:andesite":245,"minecraft:brown_wool":1,"mythicmetals:raw_banglum":7,"minecraft:leather":9,"minecraft:potato":1,"minecraft:tuff":1,"minecraft:flint":1,"create:raw_zinc":63,"minecraft:oak_log":59,"supplementaries:flax_seeds":2,"minecraft:gunpowder":3,"mythicmetals:raw_platinum":14,"minecraft:lapis_lazuli":123,"minecraft:dirt":46,"minecraft:bone":15,"minecraft:apple":3,"minecraft:bow":1,"minecraft:wheat_seeds":21,"minecraft:raw_gold":52,"minecraft:iron_ingot":1,"minecraft:oak_planks":33,"mythicmetals:raw_silver":44,"naturalist:snail_shell":1,"minecraft:gravel":9,"minecraft:amethyst_shard":62,"mythicmetals:raw_quadrillum":15,"simplyswords:iron_greathammer":1,"mythicmetals:silver_ingot":11,"minecraft:spider_eye":2,"minecraft:bundle":2,"travelersbackpack:standard":1,"minecraft:pumpkin_seeds":4,"minecraft:slime_ball":1,"minecraft:diamond":3,"minecraft:stone_axe":1,"minecraft:emerald":5,"minecraft:terracotta":17,"minecraft:melon_seeds":2,"minecraft:oak_sapling":45,"minecraft:coal":217,"minecraft:ender_pearl":1},"minecraft:dropped":{"minecraft:iron_ingot":21,"minecraft:wheat_seeds":5,"minecraft:golden_helmet":1,"minecraft:oak_log":1,"mythicmetals:raw_silver":2,"minecraft:oak_fence":1,"minecraft:cobblestone":20,"minecraft:iron_helmet":1,"minecraft:flint":1,"minecraft:stick":40,"minecraft:dirt":14,"minecraft:torch":44,"minecraft:wooden_axe":3,"simplyswords:iron_rapier":2,"minecraft:iron_pickaxe":2,"minecraft:gravel":1,"minecraft:furnace":1,"minecraft:stone_axe":2,"minecraft:blackstone":128,"minecraft:iron_nugget":9,"minecraft:cobbled_deepslate":2,"minecraft:raw_copper":64,"minecraft:tuff":1,"minecraft:birch_sapling":4,"minecraft:pumpkin_seeds":4,"patchouli:guide_book":1,"supplementaries:flax_seeds":2,"supplementaries:ash":12,"minecraft:gunpowder":2,"minecraft:bundle":1,"minecraft:iron_chestplate":1,"minecraft:andesite":5,"minecraft:beetroot_seeds":3,"minecraft:oak_sapling":45,"simplyswords:iron_longsword":1,"minecraft:spider_eye":2,"minecraft:wooden_pickaxe":1,"minecraft:stone_pickaxe":3,"minecraft:calcite":5,"simplyswords:iron_greathammer":2},"minecraft:mined":{"create:zinc_ore":41,"minecraft:large_amethyst_bud":18,"create:deepslate_zinc_ore":22,"minecraft:tuff":6,"mythicmetals:calcite_kyber_ore":8,"mythicmetals:deepslate_morkite_ore":18,"minecraft:glow_lichen":1,"minecraft:budding_amethyst":2,"mythicmetals:silver_ore":27,"minecraft:grass_block":14,"create:ochrum":5,"minecraft:spawner":1,"minecraft:hay_block":28,"supplementaries:rope":2,"mythicmetals:quadrillum_ore":10,"minecraft:furnace":2,"minecraft:iron_ore":39,"minecraft:fire":5,"minecraft:andesite":239,"minecraft:deepslate_lapis_ore":5,"create:asurine":12,"minecraft:dirt_path":2,"minecraft:deepslate_iron_ore":10,"minecraft:vine":1,"minecraft:rail":57,"minecraft:small_amethyst_bud":8,"minecraft:stone":108,"minecraft:deepslate_redstone_ore":3,"mythicmetals:platinum_ore":9,"minecraft:blackstone":433,"minecraft:medium_amethyst_bud":8,"minecraft:amethyst_cluster":15,"minecraft:oak_fence":3,"minecraft:crafting_table":5,"minecraft:torch":4,"minecraft:emerald_ore":1,"minecraft:calcite":9,"minecraft:melon":17,"minecraft:chest":1,"minecraft:tall_grass":1,"minecraft:copper_ore":16,"minecraft:cobblestone":2,"minecraft:deepslate_gold_ore":12,"minecraft:lapis_ore":1,"minecraft:oak_planks":33,"mythicmetals:deepslate_runite_ore":1,"minecraft:amethyst_block":22,"minecraft:wall_torch":1,"minecraft:deepslate_copper_ore":6,"supplementaries:urn":7,"minecraft:coarse_dirt":7,"minecraft:birch_log":1,"minecraft:wheat":1,"mythicmetals:manganese_ore":6,"minecraft:grass":14,"minecraft:coal_ore":14,"minecraft:gravel":13,"minecraft:dirt":9,"mythicmetals:morkite_ore":27,"minecraft:cobweb":98,"minecraft:smooth_basalt":10,"minecraft:terracotta":24,"minecraft:gold_ore":1,"mythicmetals:banglum_ore":4,"minecraft:oak_leaves":2,"minecraft:deepslate":51},"minecraft:used":{"minecraft:flint_and_steel":5,"minecraft:stone_shovel":31,"minecraft:chest":4,"minecraft:shield":6,"minecraft:rotten_flesh":3,"minecraft:torch":176,"minecraft:dirt":8,"simplyswords:diamond_scythe":83,"paladins:iron_claymore":1,"minecraft:bow":6,"betternether:blackstone_furnace":1,"simplyswords:iron_scythe":173,"minecraft:furnace":5,"minecraft:cooked_beef":13,"minecraft:golden_axe":4,"minecraft:water_bucket":1,"minecraft:bundle":1,"simplyswords:iron_rapier":142,"minecraft:stone_pickaxe":672,"minecraft:wooden_pickaxe":33,"minecraft:crafting_table":10,"simplyswords:iron_greathammer":14,"minecraft:apple":3,"minecraft:bread":19,"minecraft:melon_slice":17,"minecraft:iron_pickaxe":623,"supplementaries:rope":4,"minecraft:gravel":8,"minecraft:golden_helmet":1,"minecraft:stone_axe":72,"minecraft:cobblestone":16,"travelersbackpack:standard":1,"paladins:golden_great_hammer":34,"minecraft:cooked_porkchop":7,"minecraft:bucket":2,"minecraft:andesite":95},"minecraft:killed":{"naturalist:rattlesnake":1,"minecraft:cave_spider":1,"minecraft:spider":10,"naturalist:snail":5,"minecraft:skeleton":17,"naturalist:giraffe":2,"minecraft:pig":8,"minecraft:zombie_villager":1,"minecraft:bat":1,"minecraft:creeper":5,"minecraft:sheep":3,"minecraft:zombie":54,"minecraft:player":7,"minecraft:enderman":1,"minecraft:cow":8},"minecraft:broken":{"minecraft:stone_pickaxe":7,"paladins:golden_great_hammer":1,"minecraft:iron_pickaxe":3},"minecraft:crafted":{"paladins:golden_great_hammer":2,"minecraft:oak_planks":136,"minecraft:stone_shovel":1,"simplyswords:diamond_scythe":1,"minecraft:iron_nugget":18,"immersive_aircraft:sail":1,"minecraft:furnace":4,"mythicmetals:silver_leggings":1,"minecraft:white_carpet":9,"simplyswords:iron_longsword":1,"immersive_armors:wooden_chestplate":1,"mythicmetals:kyber_chestplate":1,"minecraft:iron_axe":1,"minecraft:stone_pickaxe":10,"simplyswords:iron_rapier":2,"mythicmetals:kyber_boots":1,"minecraft:chest":3,"immersive_armors:wooden_helmet":1,"mythicmetals:silver_helmet":1,"minecraft:wheat":252,"minecraft:cooked_beef":13,"minecraft:cooked_porkchop":13,"minecraft:crafting_table":5,"minecraft:wooden_pickaxe":1,"minecraft:iron_helmet":1,"immersive_armors:wooden_leggings":1,"paladins:iron_claymore":1,"mythicmetals:silver_ingot":6,"minecraft:bucket":1,"minecraft:stone_axe":2,"simplyswords:iron_greathammer":1,"minecraft:bread":84,"minecraft:air":0,"simplyswords:iron_scythe":1,"immersive_armors:wooden_boots":1,"minecraft:oak_boat":1,"mythicmetals:kyber_ingot":12,"minecraft:iron_chestplate":1,"minecraft:shield":1,"minecraft:stick":120,"minecraft:iron_ingot":103,"minecraft:iron_pickaxe":7,"minecraft:wooden_axe":2,"betternether:blackstone_furnace":1,"minecraft:gold_ingot":46,"minecraft:torch":164}},"DataVersion":3465}