{"stats":{"minecraft:mined":{"create:zinc_ore":5,"minecraft:deepslate_redstone_ore":3,"minecraft:large_amethyst_bud":18,"create:deepslate_zinc_ore":8,"minecraft:tuff":2,"mythicmetals:platinum_ore":3,"minecraft:blackstone":433,"minecraft:medium_amethyst_bud":8,"mythicmetals:calcite_kyber_ore":8,"minecraft:amethyst_cluster":15,"minecraft:crafting_table":5,"minecraft:glow_lichen":1,"minecraft:torch":4,"minecraft:budding_amethyst":2,"minecraft:emerald_ore":1,"minecraft:grass_block":12,"mythicmetals:silver_ore":11,"minecraft:calcite":9,"minecraft:melon":7,"minecraft:chest":1,"minecraft:copper_ore":6,"minecraft:cobblestone":2,"minecraft:deepslate_gold_ore":10,"mythicmetals:deepslate_runite_ore":1,"minecraft:wall_torch":1,"minecraft:amethyst_block":22,"minecraft:deepslate_copper_ore":2,"minecraft:hay_block":28,"minecraft:coarse_dirt":7,"minecraft:furnace":2,"minecraft:birch_log":1,"minecraft:iron_ore":15,"minecraft:fire":5,"mythicmetals:manganese_ore":2,"minecraft:andesite":152,"minecraft:deepslate_lapis_ore":3,"create:asurine":12,"minecraft:grass":6,"minecraft:coal_ore":11,"minecraft:dirt_path":2,"minecraft:deepslate_iron_ore":3,"minecraft:vine":1,"minecraft:small_amethyst_bud":8,"minecraft:gravel":11,"minecraft:dirt":7,"minecraft:cobweb":3,"minecraft:smooth_basalt":10,"minecraft:terracotta":7,"minecraft:stone":65,"minecraft:oak_leaves":2,"minecraft:deepslate":1},"minecraft:used":{"minecraft:flint_and_steel":5,"simplyswords:iron_rapier":133,"minecraft:stone_pickaxe":672,"minecraft:stone_shovel":29,"minecraft:chest":1,"minecraft:wooden_pickaxe":33,"minecraft:rotten_flesh":3,"minecraft:torch":73,"minecraft:dirt":8,"minecraft:crafting_table":7,"minecraft:apple":3,"minecraft:bread":4,"minecraft:melon_slice":16,"minecraft:iron_pickaxe":162,"minecraft:gravel":8,"minecraft:golden_helmet":1,"minecraft:stone_axe":21,"minecraft:cobblestone":16,"minecraft:furnace":2,"minecraft:cooked_porkchop":7,"minecraft:andesite":19,"minecraft:golden_axe":4},"minecraft:crafted":{"minecraft:cooked_beef":13,"minecraft:oak_planks":88,"minecraft:stone_shovel":1,"minecraft:cooked_porkchop":13,"minecraft:crafting_table":2,"minecraft:wooden_pickaxe":1,"immersive_armors:wooden_leggings":1,"minecraft:furnace":1,"minecraft:stone_axe":2,"minecraft:bread":84,"minecraft:air":0,"immersive_armors:wooden_chestplate":1,"immersive_armors:wooden_boots":1,"minecraft:stick":36,"minecraft:iron_ingot":8,"minecraft:iron_pickaxe":1,"minecraft:stone_pickaxe":10,"minecraft:wooden_axe":2,"simplyswords:iron_rapier":2,"immersive_armors:wooden_helmet":1,"minecraft:torch":96,"minecraft:wheat":252},"minecraft:custom":{"minecraft:interact_with_furnace":13,"minecraft:mob_kills":42,"minecraft:interact_with_crafting_table":14,"minecraft:leave_game":5,"minecraft:time_since_death":93805,"minecraft:sleep_in_bed":2,"minecraft:time_since_rest":71643,"minecraft:sprint_one_cm":118676,"minecraft:damage_taken":1512,"minecraft:walk_one_cm":340185,"minecraft:drop":24,"minecraft:damage_dealt":6683,"minecraft:swim_one_cm":12555,"minecraft:fly_one_cm":131823,"minecraft:open_chest":11,"minecraft:crouch_one_cm":8776,"minecraft:play_time":105145,"minecraft:deaths":2,"minecraft:sneak_time":4892,"minecraft:walk_under_water_one_cm":8153,"minecraft:jump":1445,"minecraft:walk_on_water_one_cm":26540,"minecraft:total_world_time":105145,"minecraft:fall_one_cm":39320},"minecraft:dropped":{"minecraft:blackstone":128,"minecraft:golden_helmet":1,"minecraft:cobbled_deepslate":1,"minecraft:birch_sapling":4,"minecraft:stick":7,"minecraft:dirt":2,"supplementaries:ash":7,"minecraft:torch":44,"minecraft:wooden_axe":3,"minecraft:oak_sapling":23,"simplyswords:iron_rapier":1,"minecraft:stone_pickaxe":3,"minecraft:wooden_pickaxe":1,"minecraft:calcite":5},"minecraft:broken":{"minecraft:stone_pickaxe":7},"minecraft:killed_by":{"minecraft:skeleton":1,"minecraft:spider":1},"minecraft:killed":{"minecraft:pig":7,"minecraft:zombie_villager":1,"minecraft:spider":4,"minecraft:creeper":2,"minecraft:sheep":3,"minecraft:skeleton":3,"minecraft:zombie":13,"minecraft:cow":8},"minecraft:picked_up":{"minecraft:crafting_table":5,"minecraft:andesite":154,"minecraft:leather":9,"minecraft:brown_wool":1,"minecraft:oak_log":58,"create:raw_zinc":13,"mythicmetals:raw_kyber":12,"minecraft:amethyst_block":27,"minecraft:dirt":20,"mythicmetals:raw_platinum":5,"minecraft:lapis_lazuli":64,"minecraft:string":7,"minecraft:raw_copper":115,"minecraft:bone":2,"minecraft:blackstone":265,"minecraft:apple":3,"minecraft:cobbled_deepslate":1,"minecraft:raw_gold":46,"minecraft:beef":13,"minecraft:iron_ingot":1,"minecraft:calcite":5,"minecraft:melon_slice":20,"minecraft:chest":1,"mythicmetals:raw_silver":17,"minecraft:birch_sapling":4,"minecraft:furnace":2,"minecraft:stick":30,"minecraft:raw_iron":62,"minecraft:torch":33,"minecraft:gravel":8,"minecraft:porkchop":13,"minecraft:amethyst_shard":62,"minecraft:redstone":61,"minecraft:arrow":1,"minecraft:rotten_flesh":16,"mythicmetals:raw_manganese":2,"minecraft:hay_block":28,"create:asurine":10,"minecraft:emerald":1,"minecraft:terracotta":1,"supplementaries:ash":7,"minecraft:oak_sapling":23,"minecraft:birch_log":17,"minecraft:mutton":5,"minecraft:coal":192,"minecraft:cobblestone":67,"minecraft:white_wool":2,"minecraft:wooden_axe":1}},"DataVersion":3465}