{"stats":{"minecraft:killed_by":{"hybrid-aquatic:great_white_shark":1,"minecraft:wither_skeleton":3,"minecraft:piglin":3,"minecraft:zombie":1,"soulsweapons:accursed_lord_boss":1,"minecraft:skeleton":5},"minecraft:custom":{"minecraft:interact_with_crafting_table":111,"minecraft:open_barrel":6,"minecraft:bell_ring":1,"minecraft:leave_game":2,"minecraft:time_since_death":55418,"minecraft:sprint_one_cm":503468,"minecraft:damage_blocked_by_shield":150,"minecraft:drop":99,"minecraft:talked_to_villager":1,"minecraft:play_time":374982,"minecraft:deaths":14,"minecraft:jump":3954,"minecraft:walk_on_water_one_cm":67665,"minecraft:enchant_item":2,"minecraft:interact_with_furnace":132,"minecraft:sleep_in_bed":3,"minecraft:waystone_activated":1,"minecraft:damage_dealt":42669,"minecraft:player_kills":3,"minecraft:crouch_one_cm":26543,"minecraft:interact_with_smoker":4,"minecraft:interact_with_smithing_table":3,"minecraft:mob_kills":270,"minecraft:climb_one_cm":8937,"minecraft:walk_one_cm":967057,"minecraft:walk_under_water_one_cm":87633,"minecraft:sneak_time":11765,"minecraft:boat_one_cm":116570,"minecraft:total_world_time":374982,"minecraft:time_since_rest":30392,"minecraft:damage_taken":9374,"minecraft:swim_one_cm":319872,"minecraft:fly_one_cm":607775,"minecraft:open_chest":144,"minecraft:fall_one_cm":91894},"minecraft:used":{"hybrid-aquatic:diving_boots":1,"weaponworks:diamond_scythe":238,"soulsweapons:silver_sword":23,"minecraft:chest":6,"minecraft:shield":4,"minecraft:iron_sword":178,"minecraft:nether_wart":7,"minecraft:rotten_flesh":12,"weaponworks:stone_scythe":182,"minecraft:nether_bricks":10,"hybrid-aquatic:glowstick":2,"minecraft:obsidian":10,"minecraft:spruce_boat":5,"betternether:stalagnate_roof":3,"minecraft:mangrove_stairs":4,"minecraft:bow":3,"minecraft:mangrove_roots":15,"minecraft:furnace":11,"minecraft:cooked_cod":3,"morebowsandarrows:iron_bow":17,"minecraft:spruce_door":2,"minecraft:oak_planks":26,"minecraft:stone_pickaxe":201,"minecraft:wooden_pickaxe":10,"minecraft:glow_berries":36,"soulsweapons:bluemoon_greatsword":46,"betternether:nether_brick_tile_large":20,"minecraft:bread":7,"betternether:wart_seed":3,"hybrid-aquatic:fishing_net":2,"minecraft:smithing_table":1,"betternether:weeping_obsidian":3,"minecraft:oak_boat":8,"minecraft:azalea":4,"minecraft:flint_and_steel":1,"minecraft:stone_shovel":105,"betternether:stalagnate_planks":6,"minecraft:spruce_planks":66,"minecraft:cooked_chicken":17,"minecraft:netherrack":95,"minecraft:torch":141,"minecraft:wooden_axe":2,"hybrid-aquatic:diving_helmet":1,"minecraft:iron_axe":1,"betterfurnacesreforged:diamond_furnace":2,"betternether:cincinnasite_lantern":1,"minecraft:cooked_beef":27,"minecraft:cobbled_deepslate":65,"minecraft:mangrove_boat":1,"minecraft:cooked_mutton":7,"minecraft:water_bucket":38,"minecraft:iron_ore":8,"weaponworks:stone_greatsword":15,"minecraft:crafting_table":14,"minecraft:white_bed":1,"minecraft:diamond_pickaxe":42,"soulsweapons:holy_greatsword":104,"minecraft:iron_pickaxe":656,"minecraft:spruce_pressure_plate":2,"betternether:farmland":10,"minecraft:stone_axe":42,"minecraft:cobblestone":56,"minecraft:cooked_porkchop":13,"minecraft:bucket":43},"minecraft:killed":{"hybrid-aquatic:fiddler_crab":1,"minecraft:cave_spider":1,"minecraft:spider":11,"minecraft:skeleton":39,"minecraft:chicken":17,"minecraft:magma_cube":9,"minecraft:piglin":2,"minecraft:pig":14,"minecraft:zombie_villager":1,"minecraft:creeper":11,"minecraft:sheep":23,"minecraft:trader_llama":2,"minecraft:zombie":79,"minecraft:stray":1,"hybrid-aquatic:vampire_squid":1,"minecraft:cow":18,"minecraft:drowned":8,"hybrid-aquatic:dragonfish":1,"hybrid-aquatic:ratfish":1,"minecraft:bat":1,"minecraft:wandering_trader":1,"minecraft:frog":1,"minecraft:wither_skeleton":20,"minecraft:player":3,"minecraft:enderman":1},"minecraft:mined":{"betternether:netherrack_furnace":2,"minecraft:spruce_planks":1,"mythicmetals:deepslate_morkite_ore":7,"minecraft:obsidian":16,"minecraft:grass_block":1,"betternether:willow_roof":1,"betternether:stalagnate_planks":6,"betternether:nether_brick_wall":4,"minecraft:spawner":3,"mythicmetals:deepslate_orichalcum_ore":2,"minecraft:magma_block":6,"minecraft:iron_ore":11,"minecraft:fire":29,"minecraft:pumpkin":2,"minecraft:enchanting_table":1,"betternether:wart_seed":1,"minecraft:blue_orchid":10,"minecraft:deepslate_redstone_ore":4,"soulsweapons:verglas_ore_deepslate":3,"minecraft:torch":13,"mythicmetals:deepslate_carmot_ore":1,"minecraft:chest":1,"minecraft:nether_quartz_ore":1,"minecraft:cobblestone":3,"betternether:farmland":10,"minecraft:wall_torch":1,"mythicmetals:manganese_ore":18,"minecraft:sand":105,"mythicmetals:morkite_ore":1,"minecraft:mangrove_log":4,"minecraft:netherrack":87,"minecraft:deepslate":132,"soulsweapons:verglas_ore":3,"betternether:cincinnasite_forge":3,"minecraft:tuff":24,"minecraft:deepslate_diamond_ore":9,"minecraft:candle":1,"minecraft:mangrove_roots":18,"minecraft:glow_lichen":1,"minecraft:nether_bricks":12,"minecraft:decorated_pot":6,"betterfurnacesreforged:diamond_furnace":2,"betternether:stalagnate_roof":3,"minecraft:spruce_leaves":2,"minecraft:moss_block":2,"minecraft:sandstone":170,"minecraft:hay_block":11,"minecraft:furnace":12,"minecraft:spruce_sapling":1,"mythicmetals:quadrillum_ore":8,"minecraft:andesite":41,"mythicmetals:tin_ore":10,"soulsweapons:moonstone_ore_deepslate":6,"hybrid-aquatic:glowstick":1,"minecraft:deepslate_iron_ore":18,"minecraft:rail":32,"betternether:nether_brick_tile_large":22,"minecraft:packed_ice":18,"minecraft:stone":150,"minecraft:bone_block":3,"mythicmetals:platinum_ore":17,"betternether:cincinnasite_lantern":1,"betternether:willow_fence":3,"minecraft:crafting_table":7,"minecraft:short_grass":5,"minecraft:rose_bush":6,"minecraft:copper_ore":11,"minecraft:tall_grass":2,"minecraft:deepslate_gold_ore":3,"minecraft:lily_pad":1,"mythicmetals:deepslate_runite_ore":2,"minecraft:spruce_log":1,"betternether:cincinnasite_lantern_small":1,"minecraft:coal_ore":14,"minecraft:gravel":9,"minecraft:cobweb":50,"minecraft:gold_ore":1},"minecraft:broken":{"minecraft:iron_pickaxe":1},"minecraft:picked_up":{"minecraft:lead":2,"soulsweapons:moonstone":6,"minecraft:potion":2,"betternether:nether_brick_tile_large":23,"hybrid-aquatic:ghost_crab_claw":4,"minecraft:string":94,"minecraft:raw_copper":199,"betternether:netherrack_furnace":2,"minecraft:cobbled_deepslate":82,"minecraft:spruce_planks":59,"minecraft:rose_bush":6,"minecraft:azalea":21,"minecraft:iron_pickaxe":1,"minecraft:furnace":12,"minecraft:mangrove_log":29,"minecraft:tipped_arrow":1,"minecraft:stick":40,"mythicmetals:raw_carmot":1,"minecraft:oak_fence":1,"minecraft:torch":18,"minecraft:porkchop":29,"mythicmetals:morkite":18,"minecraft:rabbit_foot":1,"betternether:cincinnasite_lantern_small":3,"minecraft:rotten_flesh":78,"mythicmetals:raw_manganese":26,"betternether:farmland":10,"betternether:stalagnate_roof":3,"minecraft:mangrove_roots":55,"minecraft:obsidian":16,"minecraft:cobblestone":155,"minecraft:enchanting_table":1,"minecraft:birch_log":16,"minecraft:magma_block":1,"minecraft:feather":23,"minecraft:cooked_beef":2,"minecraft:andesite":42,"minecraft:potato":1,"minecraft:flint":1,"minecraft:tuff":16,"betternether:wart_seed":4,"weaponworks:stone_scythe":1,"mythicmetals:raw_platinum":52,"minecraft:lapis_lazuli":4,"minecraft:dirt":18,"hybrid-aquatic:glowstick":1,"minecraft:bone":48,"minecraft:bow":3,"betternether:willow_roof":1,"minecraft:wheat_seeds":1,"minecraft:raw_gold":15,"hybrid-aquatic:coconut_crab_claw":2,"minecraft:moss_block":17,"betternether:weeping_obsidian":3,"minecraft:sand":117,"mythicmetals:raw_quadrillum":11,"minecraft:bundle":3,"minecraft:diamond":25,"minecraft:spruce_boat":4,"betternether:cincinnasite_lantern":1,"soulsweapons:verglas":6,"minecraft:netherrack":78,"minecraft:charcoal":56,"minecraft:crafting_table":7,"minecraft:coarse_dirt":1,"minecraft:chicken":17,"minecraft:clay_ball":1,"minecraft:brown_mushroom":1,"minecraft:wooden_pickaxe":1,"minecraft:chain":1,"minecraft:moss_carpet":12,"hybrid-aquatic:diving_suit":2,"minecraft:flint_and_steel":1,"minecraft:blue_orchid":10,"hybrid-aquatic:glow_slime":2,"minecraft:candle":4,"minecraft:beef":36,"minecraft:oak_boat":6,"minecraft:light_gray_wool":2,"minecraft:chest":1,"minecraft:birch_sapling":1,"minecraft:egg":3,"mythicmetals:raw_orichalcum":2,"minecraft:raw_iron":119,"mythicmetals:platinum_ingot":2,"minecraft:sandstone":133,"betternether:nether_brick_wall":5,"minecraft:copper_ingot":73,"minecraft:bowl":2,"hybrid-aquatic:diving_helmet":1,"mythicmetals:raw_tin":35,"minecraft:carrot":5,"minecraft:redstone":19,"minecraft:arrow":42,"minecraft:stone_shovel":1,"minecraft:decorated_pot":6,"minecraft:nether_bricks":11,"minecraft:diamond_boots":1,"minecraft:hay_block":11,"minecraft:gold_ingot":3,"minecraft:glow_berries":28,"minecraft:mutton":45,"minecraft:white_wool":31,"minecraft:rail":35,"minecraft:leather":27,"minecraft:oak_log":51,"minecraft:lily_pad":1,"hybrid-aquatic:diving_boots":2,"minecraft:gunpowder":7,"mythicmetals:tin_ingot":33,"minecraft:cooked_mutton":3,"hybrid-aquatic:fiddler_crab_claw":1,"betterfurnacesreforged:diamond_furnace":1,"minecraft:spruce_wood":1,"minecraft:iron_ingot":1,"minecraft:stone_pickaxe":1,"minecraft:iron_sword":2,"minecraft:flowering_azalea":6,"minecraft:sweet_berries":32,"minecraft:pumpkin":2,"hybrid-aquatic:opah":1,"minecraft:quartz":14,"minecraft:gravel":7,"minecraft:spruce_sapling":21,"minecraft:spruce_log":82,"minecraft:spider_eye":4,"minecraft:leather_helmet":1,"travelersbackpack:standard":1,"minecraft:slime_ball":3,"betternether:cincinnasite_forge":3,"betternether:stalagnate_planks":6,"minecraft:black_wool":3,"minecraft:coal":204},"minecraft:crafted":{"minecraft:oak_planks":72,"travelersbackpack:crafting_upgrade":1,"minecraft:cooked_chicken":17,"weaponworks:stone_greatsword":1,"minecraft:mangrove_boat":1,"hybrid-aquatic:diving_leggings":1,"travelersbackpack:diamond":1,"minecraft:spruce_pressure_plate":4,"minecraft:cooked_mutton":12,"minecraft:iron_bars":16,"minecraft:glass":24,"hybrid-aquatic:diving_boots":3,"minecraft:bow":1,"minecraft:mangrove_stairs":4,"minecraft:chest":6,"mythicmetals:tin_ingot":13,"soulsweapons:bluemoon_greatsword":1,"minecraft:cooked_porkchop":13,"betterfurnacesreforged:iron_furnace":1,"minecraft:crafting_table":8,"minecraft:spruce_planks":96,"weaponworks:diamond_scythe":1,"minecraft:wooden_pickaxe":1,"minecraft:spruce_door":6,"minecraft:smithing_table":1,"minecraft:copper_ingot":115,"morebowsandarrows:tnt_arrow":3,"minecraft:tnt":1,"minecraft:charcoal":24,"minecraft:diamond_pickaxe":1,"betterfurnacesreforged:iron_conductor_block":1,"minecraft:shield":1,"minecraft:stick":92,"betterfurnacesreforged:gold_conductor_block":1,"minecraft:light_blue_dye":10,"minecraft:iron_ingot":106,"minecraft:iron_pickaxe":3,"minecraft:iron_block":1,"minecraft:gold_ingot":14,"hybrid-aquatic:glowstick":1,"minecraft:stone_shovel":1,"morebowsandarrows:iron_bow":1,"minecraft:furnace":3,"hybrid-aquatic:diving_suit":1,"weaponworks:stone_hammer":1,"soulsweapons:holy_greatsword":1,"betternether:nether_ruby_leggings":1,"hybrid-aquatic:fishing_net":1,"travelersbackpack:blank_upgrade":4,"minecraft:glass_pane":16,"minecraft:flint_and_steel":1,"minecraft:iron_axe":1,"betterfurnacesreforged:diamond_furnace":1,"minecraft:stone_pickaxe":6,"hybrid-aquatic:raw_crab":1,"mythicmetals:copper_helmet":1,"minecraft:spruce_boat":3,"betterfurnacesreforged:gold_furnace":1,"mythicmetals:copper_leggings":1,"weaponworks:stone_scythe":2,"mythicmetals:copper_chestplate":1,"minecraft:cooked_beef":35,"minecraft:red_dye":2,"travelersbackpack:backpack_tank":2,"minecraft:iron_sword":1,"minecraft:mangrove_planks":116,"minecraft:bucket":1,"minecraft:stone_axe":3,"minecraft:air":0,"minecraft:oak_boat":3,"minecraft:wooden_axe":1,"hybrid-aquatic:diving_helmet":6,"minecraft:white_bed":1,"minecraft:torch":144,"minecraft:diamond_chestplate":1},"minecraft:dropped":{"minecraft:iron_sword":1,"minecraft:brown_mushroom":1,"mythicmetals:raw_tin":13,"minecraft:lapis_lazuli":4,"minecraft:cooked_beef":10,"minecraft:diamond":2,"weaponworks:stone_greatsword":1,"minecraft:dirt":4,"hybrid-aquatic:diving_suit":3,"hybrid-aquatic:diving_boots":3,"minecraft:mutton":9,"minecraft:mangrove_boat":1,"hybrid-aquatic:diving_leggings":1,"minecraft:sand":19,"minecraft:iron_pickaxe":1,"minecraft:white_wool":8,"minecraft:gravel":7,"minecraft:stone_axe":1,"weaponworks:stone_scythe":3,"minecraft:cobbled_deepslate":3,"minecraft:rotten_flesh":3,"minecraft:cooked_mutton":7,"minecraft:rabbit_foot":1,"minecraft:gunpowder":2,"minecraft:azalea":16,"minecraft:egg":1,"minecraft:iron_ingot":31,"minecraft:cobblestone":22,"mythicmetals:copper_leggings":1,"minecraft:activator_rail":1,"minecraft:coal":5,"minecraft:stick":34,"minecraft:wooden_axe":1,"minecraft:rose_bush":5,"minecraft:flowering_azalea":5,"minecraft:red_dye":2,"betternether:wart_seed":1,"minecraft:string":44,"hybrid-aquatic:ghost_crab_claw":2,"minecraft:spruce_sapling":12,"minecraft:coarse_dirt":1,"weaponworks:stone_hammer":1,"minecraft:bowl":2,"minecraft:stone_shovel":2,"minecraft:light_gray_wool":1,"minecraft:nether_bricks":1,"minecraft:flint_and_steel":1,"minecraft:spruce_boat":1,"minecraft:bundle":1,"minecraft:spruce_planks":4,"minecraft:andesite":18,"minecraft:purple_bed":1,"mythicmetals:copper_chestplate":1,"minecraft:spider_eye":2,"hybrid-aquatic:diving_helmet":5,"minecraft:spruce_log":3,"minecraft:bow":1,"hybrid-aquatic:glow_slime":1,"minecraft:stone_pickaxe":5,"minecraft:wooden_pickaxe":2,"minecraft:magma_block":1}},"DataVersion":3700}