{"stats":{"minecraft:dropped":{"minecraft:iron_sword":1,"minecraft:moss_block":1,"minecraft:brown_mushroom":1,"minecraft:birch_planks":32,"minecraft:lapis_lazuli":4,"mythicmetals:raw_tin":13,"minecraft:cooked_beef":10,"hybrid-aquatic:cooked_crayfish":1,"minecraft:ender_pearl":32,"minecraft:diamond":2,"minecraft:cooked_porkchop":10,"minecraft:glow_berries":2,"weaponworks:stone_greatsword":1,"betternether:black_bush":6,"minecraft:dirt":4,"hybrid-aquatic:diving_suit":3,"betternether:nether_ruby_chestplate":1,"hybrid-aquatic:diving_boots":3,"minecraft:mutton":9,"minecraft:mangrove_boat":1,"betternether:cincinnasite_stairs":2,"minecraft:gold_nugget":1,"hybrid-aquatic:diving_leggings":1,"minecraft:sand":20,"minecraft:iron_pickaxe":3,"minecraft:white_wool":8,"minecraft:gold_ingot":17,"minecraft:gravel":7,"betternether:flaming_ruby_helmet":1,"minecraft:stone_axe":1,"weaponworks:stone_scythe":3,"minecraft:cobbled_deepslate":3,"minecraft:rotten_flesh":3,"minecraft:diamond_shovel":1,"minecraft:cooked_mutton":7,"minecraft:rabbit_foot":1,"betternether:flaming_ruby_boots":1,"minecraft:gunpowder":2,"minecraft:azalea":16,"minecraft:quartz":20,"minecraft:netherrack":14,"minecraft:egg":1,"minecraft:iron_ingot":31,"minecraft:bread":20,"minecraft:wheat_seeds":2,"minecraft:cobblestone":22,"mythicmetals:copper_leggings":1,"minecraft:activator_rail":1,"minecraft:coal":5,"minecraft:stick":34,"betternether:flaming_ruby_leggings":1,"minecraft:wooden_hoe":1,"minecraft:wooden_axe":1,"minecraft:rose_bush":5,"minecraft:flowering_azalea":5,"minecraft:red_dye":2,"betternether:wart_seed":1,"minecraft:string":44,"hybrid-aquatic:ghost_crab_claw":2,"minecraft:spruce_sapling":12,"minecraft:redstone":297,"travelersbackpack:magma_cube":1,"betternether:flaming_ruby_upgrade_smithing_template":1,"minecraft:coarse_dirt":1,"weaponworks:stone_hammer":1,"minecraft:bowl":2,"minecraft:tuff":13,"betternether:flaming_ruby_chestplate":1,"minecraft:stone_shovel":2,"minecraft:light_gray_wool":1,"minecraft:nether_bricks":1,"weaponworks:diamond_scythe":1,"minecraft:flint_and_steel":1,"minecraft:spruce_boat":1,"minecraft:diamond_chestplate":1,"minecraft:spruce_planks":4,"minecraft:bundle":1,"minecraft:andesite":18,"minecraft:purple_bed":1,"mythicmetals:copper_chestplate":1,"minecraft:golden_leggings":1,"minecraft:wooden_shovel":2,"minecraft:spider_eye":2,"hybrid-aquatic:diving_helmet":5,"minecraft:spruce_log":3,"minecraft:bow":2,"hybrid-aquatic:glow_slime":1,"betternether:nether_ruby_helmet":1,"minecraft:stone_pickaxe":5,"minecraft:wooden_pickaxe":2,"minecraft:raw_gold":4,"minecraft:magma_cream":27,"minecraft:magma_block":1,"betternether:cincinnasite_pillar":1},"minecraft:mined":{"betternether:netherrack_furnace":2,"minecraft:spruce_planks":8,"minecraft:brewing_stand":1,"mythicmetals:deepslate_morkite_ore":60,"minecraft:obsidian":16,"minecraft:red_sand":33,"minecraft:grass_block":1,"betternether:willow_roof":1,"mythicmetals:deepslate_adamantite_ore":7,"betternether:stalagnate_planks":6,"betternether:nether_brick_wall":21,"minecraft:spawner":4,"mythicmetals:deepslate_orichalcum_ore":13,"minecraft:magma_block":33,"minecraft:iron_ore":12,"minecraft:fire":46,"minecraft:cobbled_deepslate":17,"minecraft:pumpkin":2,"minecraft:deepslate_lapis_ore":2,"minecraft:enchanting_table":1,"betternether:wart_seed":1,"minecraft:blue_orchid":10,"betternether:black_vine":1,"minecraft:deepslate_redstone_ore":49,"soulsweapons:verglas_ore_deepslate":6,"minecraft:torch":14,"mythicmetals:deepslate_carmot_ore":6,"minecraft:chest":1,"mythicmetals:deepslate_prometheum_ore":7,"betternether:cincinnasite_forged":2,"minecraft:nether_quartz_ore":1,"minecraft:cobblestone":3,"betternether:magma_flower":27,"betternether:farmland":10,"minecraft:wall_torch":3,"mythicmetals:manganese_ore":18,"minecraft:sand":113,"mythicmetals:morkite_ore":1,"minecraft:mangrove_log":4,"minecraft:netherrack":114,"minecraft:deepslate":273,"soulsweapons:verglas_ore":3,"betternether:cincinnasite_forge":4,"minecraft:tuff":53,"minecraft:deepslate_diamond_ore":24,"minecraft:candle":1,"betternether:stalagnate_ladder":14,"minecraft:mangrove_roots":18,"minecraft:glow_lichen":1,"minecraft:nether_bricks":12,"minecraft:decorated_pot":6,"betterfurnacesreforged:diamond_furnace":3,"betternether:stalagnate_roof":5,"betternether:black_bush":4,"minecraft:spruce_leaves":2,"minecraft:moss_block":3,"minecraft:sandstone":170,"minecraft:large_fern":2,"minecraft:hay_block":11,"minecraft:spore_blossom":2,"minecraft:redstone_ore":1,"mythicmetals:quadrillum_ore":8,"minecraft:spruce_sapling":1,"minecraft:furnace":14,"minecraft:andesite":44,"mythicmetals:deepslate_mythril_ore":3,"mythicmetals:tin_ore":10,"betternether:nether_brick_tile_large":22,"soulsweapons:moonstone_ore_deepslate":14,"minecraft:vine":1,"minecraft:rail":32,"hybrid-aquatic:glowstick":1,"minecraft:deepslate_iron_ore":33,"minecraft:packed_ice":18,"minecraft:stone":155,"minecraft:bone_block":6,"minecraft:redstone_block":1,"mythicmetals:platinum_ore":17,"betternether:cincinnasite_lantern":1,"betternether:cincinnasite_stairs":5,"betternether:willow_fence":3,"minecraft:cornflower":6,"minecraft:crafting_table":7,"betternether:bone_wall":3,"minecraft:short_grass":10,"betternether:wart_planks":1,"minecraft:rose_bush":6,"minecraft:copper_ore":11,"minecraft:tall_grass":4,"minecraft:red_glazed_terracotta":9,"minecraft:deepslate_gold_ore":23,"minecraft:lily_pad":1,"mythicmetals:deepslate_runite_ore":7,"minecraft:spruce_log":1,"betternether:cincinnasite_lantern_small":1,"betternether:bone_tile":2,"minecraft:coal_ore":18,"minecraft:gravel":10,"minecraft:cobweb":50,"minecraft:gold_ore":1,"betternether:cincinnasite_pillar":1},"minecraft:killed_by":{"hybrid-aquatic:great_white_shark":1,"minecraft:wither_skeleton":4,"minecraft:piglin":3,"minecraft:zombie":1,"soulsweapons:accursed_lord_boss":1,"minecraft:skeleton":5},"minecraft:custom":{"minecraft:animals_bred":1,"minecraft:interact_with_crafting_table":145,"minecraft:open_barrel":11,"minecraft:bell_ring":1,"minecraft:leave_game":4,"minecraft:time_since_death":156070,"minecraft:sprint_one_cm":699465,"minecraft:damage_blocked_by_shield":261,"minecraft:drop":166,"minecraft:talked_to_villager":1,"minecraft:play_time":582593,"minecraft:deaths":17,"minecraft:jump":6858,"minecraft:walk_on_water_one_cm":102644,"minecraft:enchant_item":9,"minecraft:interact_with_furnace":189,"minecraft:sleep_in_bed":4,"minecraft:waystone_activated":1,"minecraft:damage_dealt":80198,"minecraft:player_kills":4,"minecraft:crouch_one_cm":39960,"minecraft:interact_with_smoker":4,"minecraft:interact_with_smithing_table":20,"minecraft:mob_kills":506,"minecraft:climb_one_cm":21323,"minecraft:walk_one_cm":1505643,"minecraft:sneak_time":18880,"minecraft:walk_under_water_one_cm":99985,"minecraft:boat_one_cm":116570,"minecraft:total_world_time":582593,"minecraft:raid_trigger":1,"minecraft:time_since_rest":6612,"minecraft:damage_taken":13723,"minecraft:swim_one_cm":336895,"minecraft:fly_one_cm":924699,"minecraft:open_chest":359,"minecraft:fall_one_cm":160996},"minecraft:killed":{"hybrid-aquatic:fiddler_crab":1,"minecraft:cave_spider":1,"minecraft:spider":18,"betternether:firefly":1,"minecraft:skeleton":65,"minecraft:chicken":17,"hybrid-aquatic:crayfish":1,"minecraft:magma_cube":21,"minecraft:piglin":4,"minecraft:pig":25,"minecraft:zombie_villager":1,"minecraft:salmon":14,"minecraft:creeper":29,"minecraft:sheep":25,"minecraft:trader_llama":2,"minecraft:pillager":1,"hybrid-aquatic:dungeness_crab":1,"minecraft:zombie":123,"minecraft:stray":1,"hybrid-aquatic:vampire_squid":1,"minecraft:cow":18,"minecraft:phantom":4,"minecraft:drowned":9,"hybrid-aquatic:dragonfish":1,"hybrid-aquatic:ratfish":1,"minecraft:bat":1,"minecraft:wandering_trader":1,"minecraft:frog":1,"hybrid-aquatic:ghost_crab":1,"minecraft:wither_skeleton":94,"minecraft:player":4,"minecraft:enderman":1},"minecraft:picked_up":{"minecraft:redstone_block":1,"minecraft:lead":2,"soulsweapons:moonstone":14,"minecraft:potion":3,"minecraft:brewing_stand":1,"betternether:nether_brick_tile_large":23,"hybrid-aquatic:ghost_crab_claw":6,"minecraft:string":102,"minecraft:raw_copper":199,"betternether:nether_ruby_chestplate":1,"betternether:netherrack_furnace":2,"minecraft:red_sand":33,"minecraft:gold_nugget":1,"minecraft:cobbled_deepslate":237,"minecraft:spruce_planks":63,"minecraft:rose_bush":6,"minecraft:azalea":21,"minecraft:wooden_shovel":1,"minecraft:iron_pickaxe":2,"minecraft:iron_boots":1,"minecraft:mangrove_log":29,"minecraft:furnace":14,"minecraft:tipped_arrow":1,"minecraft:stick":40,"mythicmetals:raw_carmot":6,"minecraft:oak_fence":1,"minecraft:torch":24,"betternether:bone_wall":1,"minecraft:porkchop":48,"mythicmetals:morkite":155,"minecraft:rabbit_foot":1,"mythicmetals:raw_manganese":26,"minecraft:rotten_flesh":121,"betternether:cincinnasite_lantern_small":3,"betternether:farmland":10,"minecraft:bookshelf":7,"betternether:stalagnate_roof":3,"minecraft:mangrove_roots":55,"minecraft:obsidian":16,"minecraft:cobblestone":160,"minecraft:birch_log":16,"minecraft:enchanting_table":1,"minecraft:magma_block":27,"minecraft:feather":23,"minecraft:cooked_beef":2,"minecraft:magma_cream":65,"minecraft:andesite":45,"minecraft:golden_leggings":1,"minecraft:potato":1,"minecraft:flint":1,"minecraft:tuff":44,"betternether:wart_seed":4,"weaponworks:stone_scythe":1,"minecraft:wither_skeleton_skull":2,"betternether:magma_flower":59,"mythicmetals:raw_platinum":52,"minecraft:lapis_lazuli":48,"minecraft:dirt":18,"hybrid-aquatic:glowstick":1,"betternether:nether_ruby_helmet":2,"minecraft:bone":119,"betternether:geyser":7,"minecraft:bow":6,"betternether:willow_roof":1,"minecraft:wheat_seeds":3,"minecraft:raw_gold":87,"hybrid-aquatic:coconut_crab_claw":2,"minecraft:glowstone_dust":1,"minecraft:moss_block":18,"betternether:weeping_obsidian":3,"minecraft:sand":124,"mythicmetals:raw_quadrillum":11,"mythicmetals:osmium_chestplate":1,"minecraft:fermented_spider_eye":2,"minecraft:bundle":3,"minecraft:diamond":72,"minecraft:spruce_boat":4,"betternether:cincinnasite_lantern":1,"betternether:cincinnasite_pillar":1,"soulsweapons:verglas":9,"minecraft:netherrack":104,"minecraft:charcoal":56,"minecraft:coarse_dirt":1,"minecraft:crafting_table":7,"travelersbackpack:hay":1,"minecraft:chicken":17,"minecraft:clay_ball":1,"minecraft:brown_mushroom":1,"minecraft:wooden_pickaxe":1,"mythicmetals:raw_prometheum":10,"minecraft:chain":1,"minecraft:cornflower":6,"minecraft:moss_carpet":12,"hybrid-aquatic:diving_suit":2,"minecraft:flint_and_steel":1,"minecraft:netherite_scrap":1,"minecraft:blue_orchid":10,"hybrid-aquatic:glow_slime":2,"mythicmetals:raw_adamantite":7,"minecraft:candle":4,"minecraft:beef":36,"minecraft:oak_boat":6,"minecraft:light_gray_wool":2,"mythicmetals:raw_mythril":3,"minecraft:chest":1,"minecraft:birch_sapling":1,"minecraft:phantom_membrane":1,"minecraft:egg":3,"mythicmetals:raw_orichalcum":13,"minecraft:raw_iron":171,"mythicmetals:platinum_ingot":2,"betternether:nether_brick_wall":22,"minecraft:sandstone":133,"minecraft:copper_ingot":73,"minecraft:bowl":2,"hybrid-aquatic:diving_helmet":1,"mythicmetals:raw_tin":35,"betternether:nether_ruby":5,"minecraft:carrot":6,"minecraft:redstone":682,"mythicmetals:raw_runite":9,"betternether:wart_planks":1,"minecraft:stone_shovel":1,"betternether:cincinnasite_stairs":5,"minecraft:arrow":69,"minecraft:diamond_chestplate":1,"minecraft:decorated_pot":6,"minecraft:nether_bricks":11,"minecraft:diamond_boots":1,"minecraft:hay_block":11,"mythicmetals:osmium_leggings":1,"minecraft:gold_ingot":11,"minecraft:glow_berries":30,"minecraft:mutton":49,"minecraft:bone_block":3,"minecraft:rail":35,"minecraft:white_wool":32,"minecraft:salmon":13,"minecraft:leather":27,"minecraft:red_glazed_terracotta":8,"minecraft:birch_planks":32,"minecraft:oak_log":51,"minecraft:lily_pad":1,"weaponworks:diamond_scythe":1,"hybrid-aquatic:diving_boots":2,"minecraft:gunpowder":21,"mythicmetals:tin_ingot":33,"hybrid-aquatic:dungeness_crab_claw":2,"minecraft:white_banner":1,"minecraft:cooked_mutton":3,"hybrid-aquatic:fiddler_crab_claw":1,"minecraft:spore_blossom":2,"betterfurnacesreforged:diamond_furnace":2,"minecraft:spruce_wood":1,"minecraft:iron_ingot":1,"minecraft:stone_pickaxe":1,"minecraft:glass_bottle":1,"minecraft:iron_sword":2,"minecraft:flowering_azalea":6,"minecraft:sculk_catalyst":5,"betternether:flaming_ruby_upgrade_smithing_template":3,"betternether:black_bush":7,"minecraft:pumpkin":2,"minecraft:sweet_berries":35,"hybrid-aquatic:opah":1,"betternether:stalagnate_ladder":13,"minecraft:quartz":14,"hybrid-aquatic:raw_crayfish":1,"betternether:bone_tile":2,"minecraft:gravel":8,"minecraft:spruce_sapling":21,"minecraft:spruce_log":82,"betternether:cincinnasite_forged":3,"minecraft:spider_eye":5,"minecraft:leather_helmet":2,"travelersbackpack:standard":1,"minecraft:slime_ball":3,"betternether:cincinnasite_forge":4,"betternether:stalagnate_planks":6,"minecraft:painting":18,"minecraft:black_wool":4,"minecraft:coal":277,"minecraft:ender_pearl":144},"minecraft:broken":{"minecraft:iron_pickaxe":2},"minecraft:used":{"hybrid-aquatic:diving_boots":1,"minecraft:red_sand":5,"betternether:stalagnate_ladder":12,"weaponworks:diamond_scythe":808,"minecraft:chest":8,"soulsweapons:silver_sword":23,"minecraft:shield":6,"minecraft:iron_sword":178,"minecraft:nether_wart":7,"minecraft:rotten_flesh":24,"weaponworks:stone_scythe":182,"minecraft:nether_bricks":10,"hybrid-aquatic:glowstick":2,"betternether:flaming_ruby_sword":131,"minecraft:obsidian":10,"minecraft:spruce_boat":5,"minecraft:mangrove_stairs":4,"betternether:stalagnate_roof":3,"minecraft:bow":3,"minecraft:mangrove_roots":15,"minecraft:furnace":12,"minecraft:cooked_cod":3,"morebowsandarrows:iron_bow":21,"minecraft:spruce_door":2,"minecraft:oak_planks":26,"minecraft:stone_pickaxe":201,"minecraft:ender_pearl":3,"minecraft:wooden_pickaxe":10,"hybrid-aquatic:cooked_crab":2,"minecraft:glow_berries":36,"soulsweapons:bluemoon_greatsword":83,"mythicmetals:prometheum_pickaxe":13,"betternether:nether_brick_tile_large":20,"betterfurnacesreforged:platinum_upgrade":1,"minecraft:bread":29,"betternether:wart_seed":3,"hybrid-aquatic:fishing_net":2,"minecraft:smithing_table":1,"betternether:weeping_obsidian":3,"minecraft:andesite":25,"minecraft:oak_boat":8,"minecraft:azalea":4,"minecraft:flint_and_steel":7,"minecraft:stone_shovel":105,"betternether:stalagnate_planks":6,"minecraft:spruce_planks":186,"minecraft:wooden_shovel":25,"minecraft:cooked_salmon":5,"minecraft:cooked_chicken":20,"minecraft:netherrack":95,"minecraft:torch":165,"weaponworks:diamond_katana":1,"minecraft:wooden_axe":2,"hybrid-aquatic:diving_helmet":1,"minecraft:iron_axe":25,"betterfurnacesreforged:diamond_furnace":7,"betternether:cincinnasite_lantern":1,"minecraft:cooked_beef":27,"minecraft:cobbled_deepslate":140,"minecraft:mangrove_boat":1,"minecraft:cooked_mutton":24,"minecraft:water_bucket":82,"minecraft:iron_ore":8,"weaponworks:stone_greatsword":15,"soulsweapons:moonstone_pickaxe":35,"minecraft:red_glazed_terracotta":5,"minecraft:crafting_table":15,"minecraft:white_bed":1,"minecraft:painting":20,"mythicmetals:banglum_pickaxe":108,"minecraft:diamond_pickaxe":182,"soulsweapons:holy_greatsword":104,"minecraft:wooden_hoe":2,"mythicmetals:prometheum_shovel":9,"minecraft:iron_pickaxe":874,"minecraft:spruce_pressure_plate":2,"betternether:farmland":10,"betternether:cincinnasite_forge":2,"minecraft:stone_axe":42,"minecraft:cobblestone":56,"minecraft:white_banner":1,"minecraft:cooked_porkchop":20,"minecraft:bucket":93,"minecraft:candle":4},"minecraft:crafted":{"minecraft:smooth_stone":0,"minecraft:oak_planks":72,"travelersbackpack:crafting_upgrade":1,"betternether:flaming_ruby_helmet":2,"minecraft:cooked_chicken":20,"mythicmetals:banglum_pickaxe":1,"mythicmetals:prometheum_ingot":0,"weaponworks:stone_greatsword":1,"minecraft:mangrove_boat":1,"hybrid-aquatic:diving_leggings":1,"minecraft:diamond_shovel":1,"travelersbackpack:diamond":1,"hybrid-aquatic:cooked_crayfish":0,"minecraft:spruce_pressure_plate":4,"minecraft:cooked_mutton":12,"minecraft:iron_bars":32,"minecraft:glass":24,"hybrid-aquatic:diving_boots":3,"minecraft:bow":1,"minecraft:mangrove_stairs":4,"minecraft:chest":10,"mythicmetals:tin_ingot":13,"soulsweapons:bluemoon_greatsword":1,"minecraft:wooden_shovel":1,"minecraft:cooked_porkchop":13,"betterfurnacesreforged:iron_furnace":5,"minecraft:crafting_table":9,"minecraft:spruce_planks":220,"weaponworks:diamond_scythe":1,"minecraft:wooden_pickaxe":1,"travelersbackpack:standard":2,"minecraft:spruce_door":6,"minecraft:smithing_table":1,"minecraft:copper_ingot":115,"minecraft:birch_planks":64,"morebowsandarrows:tnt_arrow":3,"minecraft:tnt":1,"minecraft:wooden_hoe":1,"minecraft:charcoal":24,"minecraft:diamond_pickaxe":1,"betterfurnacesreforged:iron_conductor_block":5,"minecraft:shield":1,"minecraft:stick":124,"betterfurnacesreforged:gold_conductor_block":5,"minecraft:light_blue_dye":10,"minecraft:iron_ingot":106,"minecraft:iron_pickaxe":3,"minecraft:iron_block":1,"mythicmetals:prometheum_pickaxe":2,"minecraft:gold_ingot":14,"betternether:nether_ruby_chestplate":1,"mythicmetals:prometheum_shovel":1,"hybrid-aquatic:cooked_crab":0,"betternether:flaming_ruby_chestplate":2,"hybrid-aquatic:glowstick":1,"minecraft:stone_shovel":1,"morebowsandarrows:iron_bow":1,"minecraft:furnace":4,"minecraft:blast_furnace":1,"hybrid-aquatic:diving_suit":1,"weaponworks:stone_hammer":1,"soulsweapons:holy_greatsword":1,"betternether:flaming_ruby_leggings":2,"betternether:nether_ruby_leggings":2,"hybrid-aquatic:fishing_net":1,"minecraft:white_carpet":6,"travelersbackpack:blank_upgrade":4,"minecraft:glass_pane":16,"minecraft:flint_and_steel":1,"travelersbackpack:magma_cube":2,"betterfurnacesreforged:platinum_upgrade":1,"minecraft:iron_axe":1,"betterfurnacesreforged:diamond_furnace":5,"handcrafted:white_sheet":8,"hybrid-aquatic:raw_crab":3,"minecraft:stone_pickaxe":6,"mythicmetals:copper_helmet":1,"betterfurnacesreforged:gold_furnace":5,"soulsweapons:moonstone_pickaxe":1,"mythicmetals:copper_leggings":1,"minecraft:spruce_boat":3,"weaponworks:stone_scythe":2,"mythicmetals:prometheum_axe":1,"mythicmetals:copper_chestplate":1,"minecraft:wheat":99,"minecraft:cooked_beef":35,"minecraft:red_dye":2,"weaponworks:diamond_katana":1,"travelersbackpack:backpack_tank":6,"minecraft:iron_sword":1,"minecraft:light_blue_wool":2,"minecraft:cooked_salmon":0,"minecraft:bucket":5,"minecraft:mangrove_planks":116,"travelersbackpack:black_sleeping_bag":1,"minecraft:stone_axe":3,"minecraft:bread":33,"minecraft:air":0,"minecraft:blue_dye":6,"betternether:nether_ruby_boots":1,"minecraft:oak_boat":3,"minecraft:white_wool":4,"minecraft:wooden_axe":1,"hybrid-aquatic:diving_helmet":6,"minecraft:white_bed":1,"minecraft:torch":184,"travelersbackpack:light_blue_sleeping_bag":1,"minecraft:diamond_chestplate":1}},"DataVersion":3700}