{"stats":{"minecraft:broken":{"minecraft:wooden_axe":3,"minecraft:iron_axe":1,"minecraft:iron_pickaxe":1,"simplyswords:iron_rapier":1},"minecraft:mined":{"minecraft:dark_oak_planks":54,"minecraft:blue_carpet":2,"minecraft:spruce_planks":67,"minecraft:oak_sapling":5,"minecraft:spruce_trapdoor":1,"minecraft:acacia_log":1,"minecraft:grass_block":21,"minecraft:jungle_log":3,"minecraft:spawner":16,"minecraft:magma_block":12,"minecraft:dark_oak_trapdoor":3,"minecraft:barrel":10,"minecraft:pumpkin":4,"minecraft:stripped_dark_oak_wood":34,"minecraft:dark_oak_stairs":6,"minecraft:iron_bars":4,"minecraft:spruce_slab":6,"minecraft:green_bed":2,"minecraft:jungle_stairs":6,"minecraft:calcite":1,"minecraft:melon":29,"minecraft:chest":1,"minecraft:oak_planks":12,"minecraft:birch_sapling":1,"minecraft:dark_oak_slab":1,"minecraft:dark_oak_door":1,"minecraft:birch_log":1,"minecraft:light_gray_wool":15,"minecraft:grass":4,"minecraft:oak_log":24,"minecraft:sand":80,"minecraft:dirt":12,"minecraft:smooth_basalt":1,"minecraft:oak_leaves":8,"create:zinc_ore":12,"minecraft:dark_oak_log":2,"minecraft:jungle_planks":12,"travelersbackpack:white_sleeping_bag":1,"minecraft:acacia_slab":2,"minecraft:hay_block":1,"minecraft:andesite":3,"minecraft:nether_brick_fence":8,"minecraft:bookshelf":22,"minecraft:vine":2,"minecraft:lantern":2,"minecraft:stripped_oak_log":3,"minecraft:stone":189,"supplementaries:flag_white":3,"minecraft:white_wool":75,"minecraft:oak_slab":2,"minecraft:birch_stairs":1,"gravestones:gravestone":26,"minecraft:acacia_leaves":2,"minecraft:oak_fence":5,"minecraft:crafting_table":3,"minecraft:oak_wood":2,"minecraft:copper_ore":3,"minecraft:blue_bed":1,"minecraft:orange_carpet":3,"minecraft:spruce_stairs":1,"minecraft:birch_planks":26,"minecraft:gray_wool":20,"minecraft:stripped_spruce_wood":1,"minecraft:redstone_torch":1,"minecraft:spruce_log":1,"minecraft:coal_ore":5,"minecraft:acacia_planks":2,"minecraft:polished_andesite":1,"mythicmetals:banglum_ore":5},"minecraft:killed_by":{"minecraft:creeper":1,"minecraft:pillager":7,"minecraft:vindicator":7,"minecraft:zombie":28,"minecraft:player":1,"minecraft:hoglin":5,"minecraft:skeleton":5},"minecraft:picked_up":{"minecraft:wooden_axe":3,"minecraft:nether_brick_fence":2,"minecraft:potion":1,"simplyswords:iron_rapier":5,"minecraft:brewing_stand":1,"minecraft:dark_oak_trapdoor":6,"minecraft:string":22,"minecraft:raw_copper":118,"minecraft:iron_leggings":1,"minecraft:pufferfish":1,"minecraft:gold_nugget":72,"minecraft:spruce_planks":57,"supplementaries:flag_white":3,"minecraft:calcite":1,"minecraft:iron_pickaxe":1,"minecraft:melon_slice":87,"minecraft:iron_boots":1,"minecraft:dark_oak_door":1,"minecraft:stick":71,"minecraft:jukebox":1,"minecraft:acacia_log":1,"minecraft:oak_fence":5,"minecraft:torch":11,"minecraft:green_bed":5,"minecraft:spruce_stairs":1,"minecraft:porkchop":24,"minecraft:rotten_flesh":83,"minecraft:salmon_bucket":1,"supplementaries:ash":9,"minecraft:iron_bars":4,"minecraft:cobblestone":186,"minecraft:birch_log":17,"minecraft:magma_block":12,"minecraft:feather":22,"minecraft:jungle_log":38,"minecraft:orange_carpet":1,"archers:iron_spear":2,"create:raw_zinc":12,"minecraft:stripped_spruce_wood":1,"minecraft:dirt":65,"minecraft:lantern":6,"minecraft:glass":50,"minecraft:mangrove_fence":1,"minecraft:bone":22,"minecraft:acacia_planks":6,"minecraft:bow":1,"minecraft:wheat_seeds":2,"minecraft:oak_planks":57,"minecraft:jungle_planks":16,"minecraft:sand":100,"minecraft:jungle_slab":1,"minecraft:dark_oak_log":18,"minecraft:barrel":7,"travelersbackpack:white_sleeping_bag":1,"minecraft:diamond":21,"minecraft:chainmail_helmet":1,"minecraft:emerald":29,"minecraft:oak_sapling":105,"minecraft:charcoal":36,"minecraft:crafting_table":4,"wizards:wand_fire":1,"minecraft:chicken":1,"minecraft:ladder":3,"minecraft:wooden_pickaxe":1,"friendsandfoes:totem_of_illusion":1,"betterend:end_fish_cooked":1,"minecraft:shield":1,"minecraft:oak_trapdoor":3,"minecraft:iron_axe":1,"minecraft:wooden_sword":3,"minecraft:flint_and_steel":2,"minecraft:compass":2,"minecraft:white_carpet":6,"minecraft:item_frame":3,"minecraft:birch_fence":1,"minecraft:cyan_carpet":1,"minecraft:beef":8,"minecraft:oak_boat":1,"minecraft:player_head":1,"minecraft:cyan_wool":4,"minecraft:jungle_sapling":6,"minecraft:iron_nugget":8,"minecraft:light_gray_wool":13,"minecraft:spruce_slab":5,"minecraft:chest":2,"minecraft:birch_sapling":5,"minecraft:spruce_trapdoor":1,"minecraft:copper_ingot":6,"mythicmetals:raw_tin":4,"minecraft:blue_carpet":1,"minecraft:dark_oak_planks":46,"minecraft:arrow":18,"minecraft:jungle_stairs":6,"minecraft:shears":1,"minecraft:hay_block":2,"minecraft:waxed_oxidized_cut_copper_stairs":1,"minecraft:stripped_dark_oak_wood":46,"gravestones:gravestone":27,"minecraft:skeleton_skull":2,"minecraft:white_wool":73,"minecraft:stripped_oak_log":3,"minecraft:jungle_boat":2,"minecraft:clock":1,"simplyswords:diamond_rapier":1,"minecraft:golden_carrot":2,"minecraft:salmon":1,"mythicmetals:raw_banglum":8,"minecraft:leather":13,"minecraft:music_disc_stal":2,"minecraft:birch_planks":14,"minecraft:oak_log":232,"minecraft:gunpowder":33,"immersive_aircraft:gyrodyne":9,"minecraft:blue_bed":1,"naturalist:bass":8,"minecraft:red_carpet":1,"minecraft:apple":10,"minecraft:iron_ingot":96,"minecraft:cobweb":4,"minecraft:iron_sword":2,"minecraft:dark_oak_stairs":12,"minecraft:book":54,"minecraft:oak_slab":4,"minecraft:smooth_basalt":1,"minecraft:dark_oak_slab":5,"minecraft:pumpkin":5,"minecraft:birch_stairs":4,"minecraft:oak_wood":2,"minecraft:slime_ball":5,"minecraft:iron_helmet":5,"minecraft:gray_wool":20,"minecraft:waxed_oxidized_cut_copper_slab":1,"minecraft:acacia_slab":2,"minecraft:coal":67,"minecraft:ender_pearl":2},"minecraft:custom":{"minecraft:interact_with_crafting_table":106,"minecraft:open_barrel":132,"minecraft:leave_game":5,"minecraft:time_since_death":142711,"minecraft:sprint_one_cm":478808,"minecraft:drop":125,"minecraft:talked_to_villager":1,"minecraft:play_time":317838,"minecraft:deaths":56,"minecraft:jump":2617,"minecraft:interact_with_brewingstand":1,"minecraft:walk_on_water_one_cm":31891,"minecraft:interact_with_furnace":35,"minecraft:play_record":1,"minecraft:traded_with_villager":3,"minecraft:sleep_in_bed":12,"minecraft:damage_dealt":24286,"minecraft:player_kills":3,"minecraft:crouch_one_cm":12791,"minecraft:inspect_dispenser":3,"minecraft:mob_kills":150,"minecraft:climb_one_cm":21346,"minecraft:walk_one_cm":794808,"minecraft:sneak_time":12248,"minecraft:walk_under_water_one_cm":62258,"minecraft:boat_one_cm":548617,"minecraft:total_world_time":317838,"minecraft:interact_with_stonecutter":2,"minecraft:time_since_rest":40253,"minecraft:damage_taken":21064,"minecraft:swim_one_cm":83425,"minecraft:fly_one_cm":348785,"minecraft:open_chest":87,"minecraft:fall_one_cm":76338},"minecraft:killed":{"minecraft:spider":2,"naturalist:snail":13,"minecraft:skeleton":13,"minecraft:chicken":1,"minecraft:parrot":4,"minecraft:creeper":3,"minecraft:pillager":8,"minecraft:zombie":60,"minecraft:cow":5,"minecraft:vindicator":20,"naturalist:bass":6,"minecraft:drowned":3,"minecraft:hoglin":5,"minecraft:player":1,"minecraft:enderman":1},"minecraft:crafted":{"minecraft:smooth_stone":10,"minecraft:oak_planks":604,"simplyswords:iron_katana":2,"minecraft:stone":22,"supplementaries:flag_white":1,"smallships:sail":2,"wizards:wand_novice":1,"minecraft:glass":79,"runes:healing_stone":20,"minecraft:iron_boots":3,"archers:iron_spear":1,"immersive_aircraft:hull":8,"minecraft:chest":6,"minecraft:crafting_table":12,"minecraft:jungle_boat":6,"minecraft:wooden_pickaxe":1,"runes:fire_stone":66,"paladins:diamond_holy_wand":1,"minecraft:copper_ingot":64,"smallships:oak_drakkar":1,"immersive_aircraft:propeller":4,"simplyswords:iron_scythe":1,"minecraft:iron_chestplate":2,"minecraft:shield":13,"minecraft:stick":236,"minecraft:iron_pickaxe":6,"minecraft:iron_block":6,"minecraft:gold_ingot":3,"minecraft:shears":1,"wizards:wand_fire":1,"minecraft:wooden_sword":2,"simplyswords:diamond_scythe":1,"minecraft:fishing_rod":1,"minecraft:iron_nugget":45,"smallships:oak_galley":1,"immersive_aircraft:sail":8,"minecraft:blast_furnace":1,"minecraft:furnace":3,"minecraft:white_carpet":54,"travelersbackpack:white_sleeping_bag":1,"minecraft:iron_axe":3,"minecraft:ladder":60,"smallships:cannon":2,"simplyswords:iron_rapier":6,"minecraft:dark_oak_planks":84,"minecraft:lead":10,"simplyswords:iron_chakram":1,"simplyswords:diamond_rapier":1,"minecraft:air":0,"minecraft:jungle_planks":152,"minecraft:oak_boat":7,"immersive_aircraft:gyrodyne":4,"betterend:iron_hammer":1,"minecraft:wooden_axe":6,"minecraft:iron_shovel":1,"minecraft:iron_leggings":2,"minecraft:stonecutter":1,"minecraft:white_bed":1,"minecraft:acacia_planks":4,"create:copper_diving_helmet":1,"minecraft:torch":52},"minecraft:dropped":{"minecraft:iron_sword":2,"minecraft:dark_oak_stairs":2,"minecraft:oak_log":20,"minecraft:lantern":1,"minecraft:jungle_planks":7,"minecraft:item_frame":2,"create:copper_diving_helmet":1,"minecraft:dirt":18,"immersive_aircraft:gyrodyne":1,"minecraft:dark_oak_log":4,"simplyswords:diamond_rapier":2,"minecraft:dark_oak_trapdoor":4,"minecraft:stripped_dark_oak_wood":3,"minecraft:jungle_sapling":6,"minecraft:wooden_sword":3,"minecraft:iron_pickaxe":4,"minecraft:dark_oak_planks":3,"minecraft:white_wool":1,"minecraft:birch_stairs":1,"minecraft:cyan_carpet":1,"minecraft:bone":2,"simplyswords:iron_katana":2,"minecraft:birch_sapling":2,"minecraft:rotten_flesh":17,"minecraft:oak_planks":131,"minecraft:waxed_oxidized_cut_copper_slab":1,"supplementaries:ash":2,"travelersbackpack:white_sleeping_bag":1,"minecraft:skeleton_skull":1,"minecraft:acacia_slab":2,"minecraft:ladder":3,"minecraft:iron_bars":3,"minecraft:glass":100,"minecraft:enchanted_book":2,"minecraft:oak_slab":2,"minecraft:wheat_seeds":1,"simplyswords:iron_chakram":1,"minecraft:waxed_oxidized_cut_copper_stairs":1,"minecraft:oak_fence":1,"minecraft:iron_helmet":2,"minecraft:chainmail_helmet":1,"archers:iron_spear":1,"minecraft:torch":1,"naturalist:bass":2,"minecraft:wooden_axe":3,"minecraft:melon_slice":33,"minecraft:diamond_helmet":1,"minecraft:iron_leggings":2,"simplyswords:iron_rapier":8,"minecraft:jungle_boat":5,"minecraft:smooth_basalt":1,"minecraft:player_head":1,"minecraft:green_bed":2,"minecraft:iron_boots":2,"gravestones:gravestone":7,"minecraft:flint_and_steel":1,"minecraft:shield":3,"minecraft:spruce_planks":41,"minecraft:iron_chestplate":2,"minecraft:oak_sapling":24,"minecraft:wooden_pickaxe":2,"minecraft:calcite":1,"minecraft:stripped_spruce_wood":1},"minecraft:used":{"minecraft:nether_brick_fence":2,"minecraft:iron_shovel":89,"smallships:oak_galley":1,"minecraft:ladder":22,"minecraft:chest":3,"minecraft:rotten_flesh":1,"minecraft:jungle_planks":69,"minecraft:jungle_slab":1,"minecraft:stripped_dark_oak_wood":2,"minecraft:lantern":2,"minecraft:iron_helmet":1,"minecraft:music_disc_stal":1,"minecraft:magma_block":12,"simplyswords:iron_scythe":133,"minecraft:furnace":2,"minecraft:cooked_cod":1,"minecraft:dark_oak_stairs":1,"simplyswords:iron_rapier":311,"minecraft:oak_planks":170,"minecraft:wooden_pickaxe":7,"minecraft:blue_bed":1,"minecraft:jungle_boat":2,"minecraft:dark_oak_trapdoor":2,"minecraft:shears":110,"minecraft:melon_slice":10,"minecraft:bread":37,"wizards:wand_fire":2,"minecraft:wooden_sword":19,"immersive_aircraft:gyrodyne":12,"minecraft:oak_boat":2,"minecraft:oak_fence":4,"minecraft:iron_bars":1,"minecraft:flint_and_steel":3,"minecraft:spruce_planks":8,"minecraft:torch":81,"minecraft:dirt":9,"minecraft:diamond_helmet":1,"minecraft:oak_wood":1,"minecraft:wooden_axe":98,"minecraft:dark_oak_planks":33,"smallships:oak_drakkar":1,"simplyswords:diamond_scythe":337,"minecraft:iron_axe":246,"gravestones:gravestone":2,"minecraft:barrel":1,"minecraft:acacia_planks":3,"minecraft:pumpkin":3,"minecraft:water_bucket":2,"supplementaries:flag_white":4,"minecraft:birch_planks":2,"minecraft:stonecutter":1,"minecraft:crafting_table":15,"minecraft:white_bed":1,"minecraft:apple":3,"betterend:iron_hammer":5,"minecraft:iron_pickaxe":256,"travelersbackpack:white_sleeping_bag":1,"minecraft:jungle_stairs":6,"minecraft:spruce_trapdoor":1,"minecraft:porkchop":3,"minecraft:bucket":2,"minecraft:pumpkin_pie":11}},"DataVersion":3465}