{"stats":{"minecraft:broken":{"minecraft:wooden_axe":1},"minecraft:custom":{"minecraft:time_since_rest":12211,"minecraft:crouch_one_cm":1,"minecraft:sprint_one_cm":4530,"minecraft:play_time":12211,"minecraft:walk_one_cm":25284,"minecraft:sneak_time":345,"minecraft:walk_under_water_one_cm":465,"minecraft:jump":43,"minecraft:damage_dealt":10,"minecraft:walk_on_water_one_cm":437,"minecraft:leave_game":4,"minecraft:time_since_death":12211,"minecraft:total_world_time":12211,"minecraft:interact_with_crafting_table":2,"minecraft:fly_one_cm":8488,"minecraft:swim_one_cm":2117,"minecraft:fall_one_cm":1045},"minecraft:used":{"minecraft:wooden_axe":7,"minecraft:written_book":2,"minecraft:crafting_table":1,"minecraft:wooden_pickaxe":7},"minecraft:crafted":{"minecraft:mangrove_planks":52,"minecraft:crafting_table":1,"minecraft:stick":8,"minecraft:wooden_pickaxe":1,"minecraft:wooden_axe":1},"minecraft:mined":{"minecraft:coal_ore":1,"minecraft:dead_bush":1,"minecraft:mangrove_log":11,"minecraft:stone":6,"minecraft:crafting_table":1,"hybrid-aquatic:message_in_a_bottle":1},"minecraft:picked_up":{"minecraft:stick":6,"minecraft:crafting_table":1,"minecraft:written_book":1,"minecraft:coal":1,"minecraft:mangrove_log":84,"minecraft:cobblestone":6}},"DataVersion":3700}